[{"model": "courses.subject", "pk": 4, "fields": {"title": "English", "slug": "english"}}, {"model": "courses.module", "pk": 2, "fields": {"course": 2, "title": "Children\u2019s Story Books", "description": "Reading is one of the life skills that every child must pick up in their early age. The better they read, the more successful they become at school as well as in their life. Story books that are delighting and engaging can induce their interest for reading.  Children story books for fun-loving kids, present your kids the personalised children books for abundance of joy in storytelling.", "order": 0}}, {"model": "courses.module", "pk": 3, "fields": {"course": 2, "title": "Audio Reading", "description": "Listening to a book read helps children learn punctuation, enunciation, and emphasis, all of which bring out the meaning of a text and improve speaking and writing skills. Children who listen to audio books learn to understand language above their reading level, and learn new words and advanced constructs.", "order": 1}}, {"model": "courses.module", "pk": 4, "fields": {"course": 2, "title": "Reading Tasks", "description": "In Year 3, the focus shifts from word-reading to comprehension and building the habits that make a confident and keen reader. Your child will learn to:\r\n\r\n- read a wide range of books and retell some stories orally\r\n- read aloud and perform poems and play scripts\r\n- talk about interesting words and phrases\r\n- read between the lines and use evidence from the text when giving their opinion\r\n- predict what might happen next\r\n- use dictionaries to check the meaning of words.", "order": 2}}, {"model": "courses.module", "pk": 5, "fields": {"course": 3, "title": "Books", "description": "- apply their growing knowledge of root words, prefixes and suffixes to read aloud and understand the meaning of new words they meet\r\n\r\n- read a range of fiction, poetry, plays and non-fiction texts \r\n\r\n- re-tell stories orally\r\n\r\n- perform poems and play scripts, showing understanding through intonation and action\r\n\r\n- infer characters' feelings though their actions, justifying their inference with evidence\r\n\r\n- identify main ideas drawn and summarise these", "order": 0}}, {"model": "courses.module", "pk": 6, "fields": {"course": 3, "title": "Audio Books", "description": "One of the great things about audiobooks is that you can listen to them at anytime whether in the car on a long journey, at the kitchen table or in winding the kids down for bedtime. Audiobooks also can keep your kids entertained whilst you get on with other things, as Irene says listening as family can also be \u2018a good bonding experience, and improve your own storytelling skills.", "order": 1}}, {"model": "courses.module", "pk": 7, "fields": {"course": 3, "title": "Reading Tasks", "description": "The purpose of reading is comprehension \u2014 getting meaning from written text.  A majorgoal of reading comprehension instruction, therefore, is to help students develop the knowledge, skills, and experiences they must have if they are to become competent and enthusiastic readers.", "order": 2}}, {"model": "courses.module", "pk": 8, "fields": {"course": 4, "title": "Reading Books", "description": "Talk about books, building on their own and others' ideas\r\n- Reading lessons in Year 5 will give you  the chance to talk about the books that you have  read. This  will show your  understanding and learn that different people hold different opinions about the things that they read.\r\n\r\nPredict what might happen next\r\n- In Year 5, you  will continue to make predictions about the texts they read. This could mean predicting what might happen next in the story or what a character might say or do. These predictions are a good way to check understanding.\r\n\r\nCheck that the text makes sense to them\r\n- As an independent reader in Year 5, you  will be encouraged to check whether what your reading makes sense. If it doesn\u2019t make sense, it\u2019s important that you don\u2019t just read on to try and finish the book.", "order": 0}}, {"model": "courses.module", "pk": 9, "fields": {"course": 4, "title": "Audio Books", "description": "All children can benefit from listening to audiobooks, but they may be of particular advantage to reluctant readers. \u2018If a child finds decoding or comprehension difficult, audiobooks can make literature more accessible,\u2019 says Irene. \u2018They get to hear the story in real time, rather than it becoming disjointed as they struggle through the text. It gives them the opportunity to become absorbed in the book.\u2019\r\n\r\nAudiobooks can also help children who find reading tedious. \u2018They\u2019re great for restless children because they can be doing something else at the same time,\u2019 Irene explains. \u2018It\u2019s quicker to listen to a story than to read it yourself, so they get a faster pay-off.\u2019", "order": 1}}, {"model": "courses.module", "pk": 10, "fields": {"course": 4, "title": "Readings Tasks", "description": "- maintain positive attitudes to reading and an understanding of what they read by:\r\n- continuing to read and discuss an increasingly wide range of fiction, poetry, plays, non-fiction and reference books or textbooks\r\n- reading books that are structured in different ways and reading for a range of purposes\r\n- increasing their familiarity with a wide range of books, including myths, legends and traditional stories, modern fiction, fiction from our literary heritage, and - books from other cultures and traditions\r\n- recommending books that they have read to their peers, giving reasons for their choices\r\n- identifying and discussing themes and conventions in and across a wide range of writing\r\n- making comparisons within and across books\r\n- learning a wider range of poetry by heart\r\n- preparing poems and plays to read aloud and to perform, showing understanding through intonation, tone and volume so that the meaning is clear to an audience", "order": 2}}, {"model": "courses.module", "pk": 11, "fields": {"course": 5, "title": "Reading Books", "description": "B y Year 6, you  will hopefully be reading independently at home and school for lots of different reasons. Some of you  may still be reluctant to read adventurously and can get stuck on one author, series, or type of book. Having favourites is great, but Year 6 is also a good time to push the boundaries and read new genres and forms.\r\n\r\n- Read and talk about a wide range of fiction, poetry, plays, and non-fiction\r\n- Recommend books to friends\r\n- Talk about and compare themes in books\r\n- Learn a range of poetry by heart and read poems and playscripts aloud\r\n- Check that the text makes sense to them\r\n- Read between the lines and use evidence from the text to justify thinking\r\n- Predict what might happen next\r\n- Identify how the language, structure, and presentation of a text adds to its meaning\r\n- Talk about how authors use language\r\n- Tell the difference between fact and opinion\r\n- Talk about books, building on their own and others' ideas\r\n- Talk about what they have read in presentations and debates\r\n- Year 6 reading test\r\n- Common reading issues", "order": 0}}, {"model": "courses.module", "pk": 12, "fields": {"course": 5, "title": "Audio Books", "description": "Audiobooks are cool in that they allow people to hear fluent reading and \u2014 especially for growing readers \u2014 listen to what reading should sound like. These are keys to future reading successes. When children listen to audiobooks, they hear firsthand the proper pacing and intonations of reading, how punctuation should sound, and how reading should sound. Ideally, they will transfer that knowledge to their own reading, both independent and aloud.", "order": 1}}, {"model": "courses.module", "pk": 13, "fields": {"course": 5, "title": "Reading Tasks", "description": "- discuss and evaluate how authors use language, including figurative language, considering the impact on the reader\r\n\r\n- distinguish between statements of fact and opinion\r\n\r\n- retrieve, record and present information from non-fiction\r\n\r\n- participate in discussions about books that are read to them and those they can read for themselves, building on their own and others\u2019 ideas and challenging views courteously", "order": 2}}, {"model": "courses.module", "pk": 15, "fields": {"course": 10, "title": "Word List", "description": "Learning to spell is a gradual process and mastering English\u2019s complex spelling system can take time. All children are different: some pick up spelling quickly, while others take longer.", "order": 0}}, {"model": "courses.module", "pk": 16, "fields": {"course": 7, "title": "Spelling Word List", "description": "Spelling, the art of correctly assembling words from their letters, is one of the essential components of successful writing. Being confident at spelling leads to confidence in all aspects of literacy. The ability to recognise the links between word of the same origin and understanding word relationships has been proven to aid comprehension skills.", "order": 0}}, {"model": "courses.module", "pk": 17, "fields": {"course": 7, "title": "The Importance of Spelling", "description": "Spelling is important for three reasons:\r\n\r\n- Communication: Spelling is a critical component of communication\r\n- Literacy: Spelling and reading skills are closely related and help develop overall literacy", "order": 1}}, {"model": "courses.module", "pk": 18, "fields": {"course": 7, "title": "Spelling Videos", "description": "Video enforces student visual and audible learning and reaches more of the Year 3  Spelling Words students.", "order": 2}}, {"model": "courses.module", "pk": 19, "fields": {"course": 7, "title": "Spelling Activities", "description": "Teaching young spellers the strategies, rules and concepts to grow their spelling and vocabulary knowledge benefits them in all aspects of their learning, as well as in their everyday life.\r\n\r\nLearners who feel confident with letters and word patterns are able to read and comprehend more complex texts. They also have the necessary language tools to better convey their own ideas through both written and verbal communication.\r\n\r\nThe relationship between written words and sounds can seem arbitrary and difficult for many learners. But building a strong foundational knowledge of the links between forms, letters, sounds and meaning is essential for students to become confident communicators.", "order": 3}}, {"model": "courses.module", "pk": 20, "fields": {"course": 8, "title": "Spelling Word List", "description": "Revise and test the Year 4 spelling words from the National Curriculum Spelling List.", "order": 0}}, {"model": "courses.module", "pk": 21, "fields": {"course": 8, "title": "Spelling Videos", "description": "Video enforces student visual and audible learning and reaches more of the Year  4 Spelling Words students.", "order": 1}}, {"model": "courses.module", "pk": 22, "fields": {"course": 8, "title": "Spelling Activit\u00e9s", "description": "Pupils\u2019 spelling of common words should be correct, including common exception words and other words that they have learnt. Pupils should spell words as accurately as possible using their phonic knowledge and other knowledge of spelling, such as morphology and etymology. Read further exception words, noting the unusual correspondences between spelling and sound, and where these occur in the word.\r\n\r\n- Spell further homophones\r\n\r\n- Spell words that are often misspelt\r\n\r\n- Use the first two or three letters of a word to check its spelling in a dictionary\r\n\r\n- Proof-read for spelling and punctuation errors", "order": 2}}, {"model": "courses.module", "pk": 23, "fields": {"course": 9, "title": "Spelling Word List", "description": "Learning to spell is a gradual process and mastering English\u2019s complex spelling system can take time. All children are different: some pick up spelling quickly, while others take longer.", "order": 0}}, {"model": "courses.module", "pk": 24, "fields": {"course": 9, "title": "Spelling Videos", "description": "Video enforces student visual and audible learning and reaches more of the Year  5 Spelling Words students.", "order": 1}}, {"model": "courses.module", "pk": 25, "fields": {"course": 9, "title": "Spelling Activities", "description": "Pupils\u2019 spelling of common words should be correct, including common exception words and other words that they have learnt. Pupils should spell words as accurately as possible using their phonic knowledge and other knowledge of spelling, such as morphology and etymology. Read further exception words, noting the unusual correspondences between spelling and sound, and where these occur in the word.\r\n\r\n- Spell further homophones\r\n\r\n- Spell words that are often misspelt\r\n\r\n- Use the first two or three letters of a word to check its spelling in a dictionary\r\n\r\n- Proof-read for spelling and punctuation errors", "order": 2}}, {"model": "courses.module", "pk": 26, "fields": {"course": 10, "title": "Spelling Videos", "description": "Video enforces student visual and audible learning and reaches more of the Year  6 Spelling Words students.", "order": 1}}, {"model": "courses.module", "pk": 27, "fields": {"course": 10, "title": "Spelling Activities", "description": "Pupils\u2019 spelling of common words should be correct, including common exception words and other words that they have learnt. Pupils should spell words as accurately as possible using their phonic knowledge and other knowledge of spelling, such as morphology and etymology. Read further exception words, noting the unusual correspondences between spelling and sound, and where these occur in the word.\r\n\r\n- Spell further homophones\r\n\r\n- Spell words that are often misspelt\r\n\r\n- Use the first two or three letters of a word to check its spelling in a dictionary\r\n\r\n- Proof-read for spelling and punctuation errors", "order": 2}}, {"model": "courses.module", "pk": 28, "fields": {"course": 11, "title": "Phonics Phase 1", "description": "In Phase 1, you focus on developing your speaking and listening skills. You focus on listening to the sounds around them and also begin building on your segmenting and blending skills\r\n\r\n\r\nTeaching phonics phase 1 Letters and Sounds activities are broken into seven different aspects:\r\nAspect 1 - Environmental Sound Discrimination\r\nAspect 2 - Instrumental Sound Discrimination\r\nAspect 3 - Body Percussion Sound Discrimination\r\nAspect 4 - Rhythm and Rhyme\r\nAspect 5 - Alliteration\r\nAspect 6 - Voice Sounds\r\nAspect 7 - Oral Blending and Segmenting\r\n\r\n\r\n\r\nThe purpose of these different aspects is to develop students\u2019 language abilities in the following ways:\r\n- Learning to listen attentively\r\n- Enlarging their vocabulary\r\n- Speaking confidently to adults and other children\r\n- Discriminating between different phonemes\r\n- Reproducing audibly the phonemes they hear\r\n- Using sound-talk to segment words into phonemes", "order": 0}}, {"model": "courses.module", "pk": 29, "fields": {"course": 11, "title": "Phonics Phase 2", "description": "In Phase 2 Phonics of the DfE\u2019s Letters and Sounds program, letters and their sounds are introduced one at a time. Sets of letters are taught each week.\r\nPhase 2 Phonics Sounds\r\n\r\nLetters and Sounds introduce sets of sounds in this phonics order:\r\nSet 1: s, a, t, p\r\nSet 2: i, n, m, d\r\nSet 3: g, o, c, k\r\nSet 4: ck, e, u, r\r\nSet 5: h, b, f, ff, l, ll, ss", "order": 1}}, {"model": "courses.module", "pk": 30, "fields": {"course": 11, "title": "Phonics Phase 3", "description": "Phase 3 introduces twenty-five new graphemes one at a time. Letters and sounds typically follows this order: Set 6: j, v, w, x Set 7: y, z, zz, qu. Consonant digraphs: ch, sh, th, ng. Vowel digraphs and trigraphs: ai, ee, igh, oa, oo, ar, or, ur, ow, oi, ear, air, ure, er. During Phase 3, children will also learn the letter names and continue to consolidate the sounds learnt in Phase 2.\r\nExamples of the Phase 3 Phonics Program\r\n\r\n\r\nTeaching Phonics Phase 3 Letters and Sounds activities are broken into broad groups:\r\n\r\n- Teaching Letter Names\r\n- Introducing and Teaching Two-Letter and Three-Letter GPCs\r\n- Practising Grapheme Recognition for Reading and Spelling\r\n- Practising Blending for Reading\r\n- Practising Segmentation for Spelling\r\n- Teaching and Practising High Frequency Words\r\n- Teaching, Reading and Spelling Two-Syllable Words\r\n- Practising Reading and Writing Captions and Sentences", "order": 2}}, {"model": "courses.module", "pk": 31, "fields": {"course": 11, "title": "Phonics Phase 4", "description": "Phase 4 Phonics\r\nLearn about Phase 4 Phonics, including how it fits into the National Curriculum and what children will learn. Includes resource links and educational clips.\r\n\r\nWhat is phase 4 phonics?\r\nAt this stage, children should be comfortable with each phoneme. From here on, the teaching of phonics will be about consolidating and improving their knowledge, while introducing trickier words with increased vocabulary.\r\n\r\nBy phase 4 phonics , children should be able to blend confidently to work out the sound of new words. They should be able to read words right away without sounding them out. And they should be able to write each letter\r\n\r\n\r\nPhase 4 phonics in the National Curriculum\r\nBy the end of the Phase 4 phonics program, children should be able to:\r\n- Give the sound when shown of any phase two or three graphemes.\r\n- Find any Phase 2 and 3 graphemes, from a display, when given the sound.\r\n- Be able to blend and read words containing adjacent consonants\r\n- Be able to segment and spell words containing adjacent consonants\r\n- Be able to read the tricky words \u2018some, one, said, come, do, so, were, when, have, there, out, like, little, what\u2019\r\n- Be able to spell the tricky words \u2018he, she, we, me, be, was, my, you, her, they, all, are.\u2019\r\n- Write each letter, usually correctly.", "order": 3}}, {"model": "courses.module", "pk": 32, "fields": {"course": 11, "title": "Phonics Phase 5", "description": "Phase 5 teaches a set of new graphemes, alternative pronunciations for graphemes already known and alternative spellings for phonemes. In this phonics phase, children learn a new range of graphemes and phonemes for reading. They are taught, for example, that the phoneme 'a' can be represented by the graphemes 'ay' or 'a-e.'\r\n\r\nYou can read below the different aims and objectives of lessons taught using primary resources in phase 5 phonics. These are broken into broad groups, including:\r\n\r\n- Teaching Further Graphemes for Reading\r\n- Teaching Alternative Pronunciations for Graphemes\r\n- Practising Recognition of Graphemes in Reading Words\r\n- Reading High-Frequency Words\r\n- Reading Two and Three-Syllable Words\r\n- Teach Alternative Spellings for Phonemes\r\n- Learning to Spell High-Frequency Words\r\n- Spelling Two and Three-Syllable Words", "order": 4}}, {"model": "courses.module", "pk": 33, "fields": {"course": 12, "title": "Books", "description": "Stories play a vital role in the growth and development of children. The books they read and the characters they get to know can become like friends. It\u2019s also good for children to understand that books are a useful source of information and that good reading skills are important for success in their future lives. Reading also helps children with their confidence levels, coping with feelings and language and learning.", "order": 0}}, {"model": "courses.module", "pk": 34, "fields": {"course": 12, "title": "Audio Books", "description": "As your child hears an audio book, they enter a journey where reading seems friendlier and more approachable. Your young reader listening to an audio book is more apt to establish a pattern of concentrating on the sounds of words without being interrupted by personal reading obstacles.\r\n\r\nAlthough nothing replaces a parent sharing a book by one-on-one reading, audio books provide an excellent alternative. They help a child develop reading skills and give them hours of enjoyment.", "order": 1}}, {"model": "sites.site", "pk": 1, "fields": {"domain": "example.com", "name": "example.com"}}, {"model": "contenttypes.contenttype", "pk": 1, "fields": {"app_label": "courses", "model": "content"}}, {"model": "contenttypes.contenttype", "pk": 2, "fields": {"app_label": "courses", "model": "course"}}, {"model": "contenttypes.contenttype", "pk": 3, "fields": {"app_label": "courses", "model": "file"}}, {"model": "contenttypes.contenttype", "pk": 4, "fields": {"app_label": "courses", "model": "image"}}, {"model": "contenttypes.contenttype", "pk": 5, "fields": {"app_label": "courses", "model": "module"}}, {"model": "contenttypes.contenttype", "pk": 6, "fields": {"app_label": "courses", "model": "subject"}}, {"model": "contenttypes.contenttype", "pk": 7, "fields": {"app_label": "courses", "model": "text"}}, {"model": "contenttypes.contenttype", "pk": 8, "fields": {"app_label": "courses", "model": "video"}}, {"model": "contenttypes.contenttype", "pk": 9, "fields": {"app_label": "courses", "model": "review"}}, {"model": "contenttypes.contenttype", "pk": 10, "fields": {"app_label": "courses", "model": "cluster"}}, {"model": "contenttypes.contenttype", "pk": 11, "fields": {"app_label": "courses", "model": "badgeaward"}}, {"model": "contenttypes.contenttype", "pk": 12, "fields": {"app_label": "sites", "model": "site"}}, {"model": "contenttypes.contenttype", "pk": 13, "fields": {"app_label": "flatpages", "model": "flatpage"}}, {"model": "contenttypes.contenttype", "pk": 14, "fields": {"app_label": "admin", "model": "logentry"}}, {"model": "contenttypes.contenttype", "pk": 15, "fields": {"app_label": "auth", "model": "permission"}}, {"model": "contenttypes.contenttype", "pk": 16, "fields": {"app_label": "auth", "model": "group"}}, {"model": "contenttypes.contenttype", "pk": 17, "fields": {"app_label": "contenttypes", "model": "contenttype"}}, {"model": "contenttypes.contenttype", "pk": 18, "fields": {"app_label": "sessions", "model": "session"}}, {"model": "contenttypes.contenttype", "pk": 19, "fields": {"app_label": "students", "model": "user"}}, {"model": "contenttypes.contenttype", "pk": 20, "fields": {"app_label": "students", "model": "answer"}}, {"model": "contenttypes.contenttype", "pk": 21, "fields": {"app_label": "students", "model": "question"}}, {"model": "contenttypes.contenttype", "pk": 22, "fields": {"app_label": "students", "model": "quiz"}}, {"model": "contenttypes.contenttype", "pk": 23, "fields": {"app_label": "students", "model": "studentanswer"}}, {"model": "contenttypes.contenttype", "pk": 24, "fields": {"app_label": "students", "model": "tag"}}, {"model": "contenttypes.contenttype", "pk": 25, "fields": {"app_label": "students", "model": "takenquiz"}}, {"model": "contenttypes.contenttype", "pk": 26, "fields": {"app_label": "students", "model": "student"}}, {"model": "contenttypes.contenttype", "pk": 27, "fields": {"app_label": "students", "model": "profile"}}, {"model": "contenttypes.contenttype", "pk": 28, "fields": {"app_label": "taggit", "model": "tag"}}, {"model": "contenttypes.contenttype", "pk": 29, "fields": {"app_label": "taggit", "model": "taggeditem"}}, {"model": "contenttypes.contenttype", "pk": 30, "fields": {"app_label": "termsandconditions", "model": "termsandconditions"}}, {"model": "contenttypes.contenttype", "pk": 31, "fields": {"app_label": "termsandconditions", "model": "usertermsandconditions"}}, {"model": "sessions.session", "pk": "66zu3v9wog409stor3qyu9vsts4roxfo", "fields": {"session_data": "OGY4YzYyOWY4NzhjNzBiM2ZiNjRjMjIwZGM2NWVmZjdkOTJkOTJmNTp7Il9hdXRoX3VzZXJfaWQiOiI4IiwiX2F1dGhfdXNlcl9iYWNrZW5kIjoiZGphbmdvLmNvbnRyaWIuYXV0aC5iYWNrZW5kcy5Nb2RlbEJhY2tlbmQiLCJfYXV0aF91c2VyX2hhc2giOiIwZDJiNTUwN2UwYjhhMjZjNjhjMjM2NTZiYTM2OTVlODIwN2Q0YzdkIn0=", "expire_date": "2021-02-18T18:23:00.721"}}, {"model": "sessions.session", "pk": "8bfzkiyjyq5ovh1ccjx3zq28hj5sxq69", "fields": {"session_data": "NDFjOTZkNjA0NDA1ODkyZjg0ZmRhYjcxZWIwNDMzNTA4ZjcyYWE5Mzp7Il9hdXRoX3VzZXJfaWQiOiIxMCIsIl9hdXRoX3VzZXJfYmFja2VuZCI6ImRqYW5nby5jb250cmliLmF1dGguYmFja2VuZHMuTW9kZWxCYWNrZW5kIiwiX2F1dGhfdXNlcl9oYXNoIjoiMjJkZmFiNzY4NGY2MjkxNjY1OTdiOTg3YmVmMWFkOGNhM2UyNjc4NiIsIl9zZXNzaW9uX2luaXRfdGltZXN0YW1wXyI6MTYxNDI2Nzg1Mi4yMTA2OTIyfQ==", "expire_date": "2021-03-11T15:44:12.216"}}, {"model": "sessions.session", "pk": "f6pgnm41wvt8t58749t73q45kbddnwjv", "fields": {"session_data": "MDBiY2VjMzI5MTQ1Mjg5NmJkODcyOWU1ZmI5Yzc3NzM5NDMzZDYyNjp7Il9hdXRoX3VzZXJfaWQiOiIyIiwiX2F1dGhfdXNlcl9iYWNrZW5kIjoiZGphbmdvLmNvbnRyaWIuYXV0aC5iYWNrZW5kcy5Nb2RlbEJhY2tlbmQiLCJfYXV0aF91c2VyX2hhc2giOiIxOTI3ODA0NTU4YWNhYzdhMzliNGZhNDhlMDZjZGQ4YzE5NmUzMmQzIiwiX3Nlc3Npb25faW5pdF90aW1lc3RhbXBfIjoxNjExODY0MzU4LjUxMzM2NH0=", "expire_date": "2021-02-11T20:05:58.537"}}, {"model": "sessions.session", "pk": "h9b9f0z8cyyfi06c2ejqusjnzonycats", "fields": {"session_data": "YTU5M2ZhMjkyZDRkYjM3NGUxYWU5NGNjYTAwMTIyMzMxNDFhMTNjNzp7Il9zZXNzaW9uX2luaXRfdGltZXN0YW1wXyI6MTYxMjAxMTExMC44ODYyMjM2fQ==", "expire_date": "2021-02-13T12:51:50.906"}}, {"model": "sessions.session", "pk": "iyiywj9ig0gv2zp2l2bzrk7797hx4buz", "fields": {"session_data": "ZDhjOTM3NmQzMGMyZTY3MzgzNTlmODVlMjI0NWM5YzM4ZmVlNWQwNzp7Il9hdXRoX3VzZXJfaWQiOiIxMCIsIl9hdXRoX3VzZXJfYmFja2VuZCI6ImRqYW5nby5jb250cmliLmF1dGguYmFja2VuZHMuTW9kZWxCYWNrZW5kIiwiX2F1dGhfdXNlcl9oYXNoIjoiMjJkZmFiNzY4NGY2MjkxNjY1OTdiOTg3YmVmMWFkOGNhM2UyNjc4NiJ9", "expire_date": "2021-04-23T13:31:24.663"}}, {"model": "sessions.session", "pk": "r3q6w49be2nth3cjm80ij5khvv4w0ume", "fields": {"session_data": "YzcyMDk0YjVmMTA0OTliYjAzODdkNWY3YmFiNGVkMDQyOTVkZTNmOTp7Il9hdXRoX3VzZXJfaWQiOiIxMCIsIl9hdXRoX3VzZXJfYmFja2VuZCI6ImRqYW5nby5jb250cmliLmF1dGguYmFja2VuZHMuTW9kZWxCYWNrZW5kIiwiX2F1dGhfdXNlcl9oYXNoIjoiMjJkZmFiNzY4NGY2MjkxNjY1OTdiOTg3YmVmMWFkOGNhM2UyNjc4NiIsIl9zZXNzaW9uX2luaXRfdGltZXN0YW1wXyI6MTYxODY3NDkyNC4zODI3OTZ9", "expire_date": "2021-05-01T15:55:24.388"}}, {"model": "sessions.session", "pk": "swxp37ka1pzi1abaqlzbhkqrg479406u", "fields": {"session_data": "YzNjYjQ4MTk3Y2M5N2IyOTAwZGY4YTViN2UxOTYyMGE3NzhjMmQzOTp7Il9hdXRoX3VzZXJfaWQiOiIxMiIsIl9hdXRoX3VzZXJfYmFja2VuZCI6ImRqYW5nby5jb250cmliLmF1dGguYmFja2VuZHMuTW9kZWxCYWNrZW5kIiwiX2F1dGhfdXNlcl9oYXNoIjoiMzg5ZjY0MTUyOTdhYjAxMjViNjQ1YzliYjljNmI1ZDYyYjhmNDJjYyIsIl9zZXNzaW9uX2luaXRfdGltZXN0YW1wXyI6MTYxODcxMzU1Mi43NTg0NzYzfQ==", "expire_date": "2021-05-02T02:39:12.782"}}, {"model": "sessions.session", "pk": "u1mbt7ze8y2r7038a02af9ohlu0wpnsf", "fields": {"session_data": "ZGIzZWFmNWZiZDk1ODczYWVkOTIwMDc5NjNhZjExY2UzOGI0ZDgzYTp7Il9hdXRoX3VzZXJfaWQiOiI3IiwiX2F1dGhfdXNlcl9iYWNrZW5kIjoiZGphbmdvLmNvbnRyaWIuYXV0aC5iYWNrZW5kcy5Nb2RlbEJhY2tlbmQiLCJfYXV0aF91c2VyX2hhc2giOiIxMGY2NmU2M2FjNDgzZjVjYzYzMDZmYWNiOWZkMzY3YTUyODMxYjUzIn0=", "expire_date": "2021-02-13T16:45:33.211"}}, {"model": "sessions.session", "pk": "ufjp8inrp6iogt3ltk45zpvsrevvpiqw", "fields": {"session_data": "OGEzM2JhNjU0MTFjNDRmMjM5NTA1NGU1MWMwNGJjYzRhODljNDE4MTp7Il9hdXRoX3VzZXJfaWQiOiIzIiwiX2F1dGhfdXNlcl9iYWNrZW5kIjoiZGphbmdvLmNvbnRyaWIuYXV0aC5iYWNrZW5kcy5Nb2RlbEJhY2tlbmQiLCJfYXV0aF91c2VyX2hhc2giOiI3OGZlNjJiMWNhYTMyNmVmZDBhNTY2YTU2MzVkMmYzNjI0ZDMxYmZlIiwiX3Nlc3Npb25faW5pdF90aW1lc3RhbXBfIjoxNjExOTQ5ODM3LjM0MzI1NjJ9", "expire_date": "2021-02-12T19:50:37.346"}}, {"model": "sessions.session", "pk": "xvvil9t2janrciu4yoh9wa8x3xv18cu1", "fields": {"session_data": "ZDhjOTM3NmQzMGMyZTY3MzgzNTlmODVlMjI0NWM5YzM4ZmVlNWQwNzp7Il9hdXRoX3VzZXJfaWQiOiIxMCIsIl9hdXRoX3VzZXJfYmFja2VuZCI6ImRqYW5nby5jb250cmliLmF1dGguYmFja2VuZHMuTW9kZWxCYWNrZW5kIiwiX2F1dGhfdXNlcl9oYXNoIjoiMjJkZmFiNzY4NGY2MjkxNjY1OTdiOTg3YmVmMWFkOGNhM2UyNjc4NiJ9", "expire_date": "2021-04-08T00:15:17.971"}}, {"model": "students.tag", "pk": 6, "fields": {"name": "Year 3", "color": "#007bff"}}, {"model": "students.tag", "pk": 7, "fields": {"name": "Year 4", "color": "black"}}, {"model": "students.tag", "pk": 9, "fields": {"name": "Year 5", "color": "#007bff"}}, {"model": "students.tag", "pk": 10, "fields": {"name": "Year 6", "color": "#007bff"}}, {"model": "students.question", "pk": 1, "fields": {"quiz": 1, "text": "Select the sentence that must end with a question mark."}}, {"model": "students.question", "pk": 2, "fields": {"quiz": 1, "text": "Match the  word \"Accomplish\" to the correct suffix."}}, {"model": "students.question", "pk": 3, "fields": {"quiz": 1, "text": "Match the  word \"Forgive\" to the correct suffix."}}, {"model": "students.question", "pk": 4, "fields": {"quiz": 1, "text": "Match the word \"Joy\"  to the correct suffix. 4"}}, {"model": "students.question", "pk": 5, "fields": {"quiz": 1, "text": "Below are some sentences, select two of the sentences that are a questions."}}, {"model": "students.answer", "pk": 1, "fields": {"question": 1, "text": "The teacher asked them what they were doing", "is_correct": false}}, {"model": "students.answer", "pk": 2, "fields": {"question": 1, "text": "I wonder what time the next train arrives", "is_correct": false}}, {"model": "students.answer", "pk": 3, "fields": {"question": 1, "text": "Did she play tennis on your team last year", "is_correct": true}}, {"model": "students.answer", "pk": 4, "fields": {"question": 1, "text": "He asked if he could use my pen", "is_correct": false}}, {"model": "students.answer", "pk": 5, "fields": {"question": 2, "text": "ful", "is_correct": false}}, {"model": "students.answer", "pk": 6, "fields": {"question": 2, "text": "ment", "is_correct": true}}, {"model": "students.answer", "pk": 7, "fields": {"question": 2, "text": "ish", "is_correct": false}}, {"model": "students.answer", "pk": 8, "fields": {"question": 2, "text": "ness", "is_correct": false}}, {"model": "students.answer", "pk": 9, "fields": {"question": 3, "text": "ish", "is_correct": false}}, {"model": "students.answer", "pk": 10, "fields": {"question": 3, "text": "ful", "is_correct": false}}, {"model": "students.answer", "pk": 11, "fields": {"question": 3, "text": "ness", "is_correct": true}}, {"model": "students.answer", "pk": 12, "fields": {"question": 3, "text": "ment", "is_correct": false}}, {"model": "students.answer", "pk": 13, "fields": {"question": 4, "text": "ness", "is_correct": false}}, {"model": "students.answer", "pk": 14, "fields": {"question": 4, "text": "ment", "is_correct": false}}, {"model": "students.answer", "pk": 15, "fields": {"question": 4, "text": "ish", "is_correct": false}}, {"model": "students.answer", "pk": 16, "fields": {"question": 4, "text": "ful", "is_correct": true}}, {"model": "students.answer", "pk": 17, "fields": {"question": 5, "text": "Do your stretches before you exercise", "is_correct": false}}, {"model": "students.answer", "pk": 18, "fields": {"question": 5, "text": "Do the boys always go running in the morning", "is_correct": true}}, {"model": "students.answer", "pk": 19, "fields": {"question": 5, "text": "Do take some water with you to football practice", "is_correct": false}}, {"model": "students.answer", "pk": 20, "fields": {"question": 5, "text": "Do you prefer tennis or cricket", "is_correct": true}}, {"model": "students.takenquiz", "pk": 1, "fields": {"student": 10, "quiz": 1, "score": 60.0, "date": "2021-01-31T18:01:26.996"}}, {"model": "students.studentanswer", "pk": 1, "fields": {"student": 10, "answer": 18}}, {"model": "students.studentanswer", "pk": 2, "fields": {"student": 10, "answer": 7}}, {"model": "students.studentanswer", "pk": 3, "fields": {"student": 10, "answer": 11}}, {"model": "students.studentanswer", "pk": 4, "fields": {"student": 10, "answer": 16}}, {"model": "students.studentanswer", "pk": 5, "fields": {"student": 10, "answer": 2}}, {"model": "auth.permission", "pk": 1, "fields": {"name": "Can add content", "content_type": 1, "codename": "add_content"}}, {"model": "auth.permission", "pk": 2, "fields": {"name": "Can change content", "content_type": 1, "codename": "change_content"}}, {"model": "auth.permission", "pk": 3, "fields": {"name": "Can delete content", "content_type": 1, "codename": "delete_content"}}, {"model": "auth.permission", "pk": 4, "fields": {"name": "Can add course", "content_type": 2, "codename": "add_course"}}, {"model": "auth.permission", "pk": 5, "fields": {"name": "Can change course", "content_type": 2, "codename": "change_course"}}, {"model": "auth.permission", "pk": 6, "fields": {"name": "Can delete course", "content_type": 2, "codename": "delete_course"}}, {"model": "auth.permission", "pk": 7, "fields": {"name": "Can add file", "content_type": 3, "codename": "add_file"}}, {"model": "auth.permission", "pk": 8, "fields": {"name": "Can change file", "content_type": 3, "codename": "change_file"}}, {"model": "auth.permission", "pk": 9, "fields": {"name": "Can delete file", "content_type": 3, "codename": "delete_file"}}, {"model": "auth.permission", "pk": 10, "fields": {"name": "Can add image", "content_type": 4, "codename": "add_image"}}, {"model": "auth.permission", "pk": 11, "fields": {"name": "Can change image", "content_type": 4, "codename": "change_image"}}, {"model": "auth.permission", "pk": 12, "fields": {"name": "Can delete image", "content_type": 4, "codename": "delete_image"}}, {"model": "auth.permission", "pk": 13, "fields": {"name": "Can add module", "content_type": 5, "codename": "add_module"}}, {"model": "auth.permission", "pk": 14, "fields": {"name": "Can change module", "content_type": 5, "codename": "change_module"}}, {"model": "auth.permission", "pk": 15, "fields": {"name": "Can delete module", "content_type": 5, "codename": "delete_module"}}, {"model": "auth.permission", "pk": 16, "fields": {"name": "Can add subject", "content_type": 6, "codename": "add_subject"}}, {"model": "auth.permission", "pk": 17, "fields": {"name": "Can change subject", "content_type": 6, "codename": "change_subject"}}, {"model": "auth.permission", "pk": 18, "fields": {"name": "Can delete subject", "content_type": 6, "codename": "delete_subject"}}, {"model": "auth.permission", "pk": 19, "fields": {"name": "Can add text", "content_type": 7, "codename": "add_text"}}, {"model": "auth.permission", "pk": 20, "fields": {"name": "Can change text", "content_type": 7, "codename": "change_text"}}, {"model": "auth.permission", "pk": 21, "fields": {"name": "Can delete text", "content_type": 7, "codename": "delete_text"}}, {"model": "auth.permission", "pk": 22, "fields": {"name": "Can add video", "content_type": 8, "codename": "add_video"}}, {"model": "auth.permission", "pk": 23, "fields": {"name": "Can change video", "content_type": 8, "codename": "change_video"}}, {"model": "auth.permission", "pk": 24, "fields": {"name": "Can delete video", "content_type": 8, "codename": "delete_video"}}, {"model": "auth.permission", "pk": 25, "fields": {"name": "Can add review", "content_type": 9, "codename": "add_review"}}, {"model": "auth.permission", "pk": 26, "fields": {"name": "Can change review", "content_type": 9, "codename": "change_review"}}, {"model": "auth.permission", "pk": 27, "fields": {"name": "Can delete review", "content_type": 9, "codename": "delete_review"}}, {"model": "auth.permission", "pk": 28, "fields": {"name": "Can add cluster", "content_type": 10, "codename": "add_cluster"}}, {"model": "auth.permission", "pk": 29, "fields": {"name": "Can change cluster", "content_type": 10, "codename": "change_cluster"}}, {"model": "auth.permission", "pk": 30, "fields": {"name": "Can delete cluster", "content_type": 10, "codename": "delete_cluster"}}, {"model": "auth.permission", "pk": 31, "fields": {"name": "Can add badge award", "content_type": 11, "codename": "add_badgeaward"}}, {"model": "auth.permission", "pk": 32, "fields": {"name": "Can change badge award", "content_type": 11, "codename": "change_badgeaward"}}, {"model": "auth.permission", "pk": 33, "fields": {"name": "Can delete badge award", "content_type": 11, "codename": "delete_badgeaward"}}, {"model": "auth.permission", "pk": 34, "fields": {"name": "Can add site", "content_type": 12, "codename": "add_site"}}, {"model": "auth.permission", "pk": 35, "fields": {"name": "Can change site", "content_type": 12, "codename": "change_site"}}, {"model": "auth.permission", "pk": 36, "fields": {"name": "Can delete site", "content_type": 12, "codename": "delete_site"}}, {"model": "auth.permission", "pk": 37, "fields": {"name": "Can add flat page", "content_type": 13, "codename": "add_flatpage"}}, {"model": "auth.permission", "pk": 38, "fields": {"name": "Can change flat page", "content_type": 13, "codename": "change_flatpage"}}, {"model": "auth.permission", "pk": 39, "fields": {"name": "Can delete flat page", "content_type": 13, "codename": "delete_flatpage"}}, {"model": "auth.permission", "pk": 40, "fields": {"name": "Can add log entry", "content_type": 14, "codename": "add_logentry"}}, {"model": "auth.permission", "pk": 41, "fields": {"name": "Can change log entry", "content_type": 14, "codename": "change_logentry"}}, {"model": "auth.permission", "pk": 42, "fields": {"name": "Can delete log entry", "content_type": 14, "codename": "delete_logentry"}}, {"model": "auth.permission", "pk": 43, "fields": {"name": "Can add permission", "content_type": 15, "codename": "add_permission"}}, {"model": "auth.permission", "pk": 44, "fields": {"name": "Can change permission", "content_type": 15, "codename": "change_permission"}}, {"model": "auth.permission", "pk": 45, "fields": {"name": "Can delete permission", "content_type": 15, "codename": "delete_permission"}}, {"model": "auth.permission", "pk": 46, "fields": {"name": "Can add group", "content_type": 16, "codename": "add_group"}}, {"model": "auth.permission", "pk": 47, "fields": {"name": "Can change group", "content_type": 16, "codename": "change_group"}}, {"model": "auth.permission", "pk": 48, "fields": {"name": "Can delete group", "content_type": 16, "codename": "delete_group"}}, {"model": "auth.permission", "pk": 49, "fields": {"name": "Can add content type", "content_type": 17, "codename": "add_contenttype"}}, {"model": "auth.permission", "pk": 50, "fields": {"name": "Can change content type", "content_type": 17, "codename": "change_contenttype"}}, {"model": "auth.permission", "pk": 51, "fields": {"name": "Can delete content type", "content_type": 17, "codename": "delete_contenttype"}}, {"model": "auth.permission", "pk": 52, "fields": {"name": "Can add session", "content_type": 18, "codename": "add_session"}}, {"model": "auth.permission", "pk": 53, "fields": {"name": "Can change session", "content_type": 18, "codename": "change_session"}}, {"model": "auth.permission", "pk": 54, "fields": {"name": "Can delete session", "content_type": 18, "codename": "delete_session"}}, {"model": "auth.permission", "pk": 55, "fields": {"name": "Can add user", "content_type": 19, "codename": "add_user"}}, {"model": "auth.permission", "pk": 56, "fields": {"name": "Can change user", "content_type": 19, "codename": "change_user"}}, {"model": "auth.permission", "pk": 57, "fields": {"name": "Can delete user", "content_type": 19, "codename": "delete_user"}}, {"model": "auth.permission", "pk": 58, "fields": {"name": "Can add answer", "content_type": 20, "codename": "add_answer"}}, {"model": "auth.permission", "pk": 59, "fields": {"name": "Can change answer", "content_type": 20, "codename": "change_answer"}}, {"model": "auth.permission", "pk": 60, "fields": {"name": "Can delete answer", "content_type": 20, "codename": "delete_answer"}}, {"model": "auth.permission", "pk": 61, "fields": {"name": "Can add question", "content_type": 21, "codename": "add_question"}}, {"model": "auth.permission", "pk": 62, "fields": {"name": "Can change question", "content_type": 21, "codename": "change_question"}}, {"model": "auth.permission", "pk": 63, "fields": {"name": "Can delete question", "content_type": 21, "codename": "delete_question"}}, {"model": "auth.permission", "pk": 64, "fields": {"name": "Can add quiz", "content_type": 22, "codename": "add_quiz"}}, {"model": "auth.permission", "pk": 65, "fields": {"name": "Can change quiz", "content_type": 22, "codename": "change_quiz"}}, {"model": "auth.permission", "pk": 66, "fields": {"name": "Can delete quiz", "content_type": 22, "codename": "delete_quiz"}}, {"model": "auth.permission", "pk": 67, "fields": {"name": "Can add student answer", "content_type": 23, "codename": "add_studentanswer"}}, {"model": "auth.permission", "pk": 68, "fields": {"name": "Can change student answer", "content_type": 23, "codename": "change_studentanswer"}}, {"model": "auth.permission", "pk": 69, "fields": {"name": "Can delete student answer", "content_type": 23, "codename": "delete_studentanswer"}}, {"model": "auth.permission", "pk": 70, "fields": {"name": "Can add tag", "content_type": 24, "codename": "add_tag"}}, {"model": "auth.permission", "pk": 71, "fields": {"name": "Can change tag", "content_type": 24, "codename": "change_tag"}}, {"model": "auth.permission", "pk": 72, "fields": {"name": "Can delete tag", "content_type": 24, "codename": "delete_tag"}}, {"model": "auth.permission", "pk": 73, "fields": {"name": "Can add taken quiz", "content_type": 25, "codename": "add_takenquiz"}}, {"model": "auth.permission", "pk": 74, "fields": {"name": "Can change taken quiz", "content_type": 25, "codename": "change_takenquiz"}}, {"model": "auth.permission", "pk": 75, "fields": {"name": "Can delete taken quiz", "content_type": 25, "codename": "delete_takenquiz"}}, {"model": "auth.permission", "pk": 76, "fields": {"name": "Can add student", "content_type": 26, "codename": "add_student"}}, {"model": "auth.permission", "pk": 77, "fields": {"name": "Can change student", "content_type": 26, "codename": "change_student"}}, {"model": "auth.permission", "pk": 78, "fields": {"name": "Can delete student", "content_type": 26, "codename": "delete_student"}}, {"model": "auth.permission", "pk": 79, "fields": {"name": "Can add profile", "content_type": 27, "codename": "add_profile"}}, {"model": "auth.permission", "pk": 80, "fields": {"name": "Can change profile", "content_type": 27, "codename": "change_profile"}}, {"model": "auth.permission", "pk": 81, "fields": {"name": "Can delete profile", "content_type": 27, "codename": "delete_profile"}}, {"model": "auth.permission", "pk": 82, "fields": {"name": "Can add Tag", "content_type": 28, "codename": "add_tag"}}, {"model": "auth.permission", "pk": 83, "fields": {"name": "Can change Tag", "content_type": 28, "codename": "change_tag"}}, {"model": "auth.permission", "pk": 84, "fields": {"name": "Can delete Tag", "content_type": 28, "codename": "delete_tag"}}, {"model": "auth.permission", "pk": 85, "fields": {"name": "Can add Tagged Item", "content_type": 29, "codename": "add_taggeditem"}}, {"model": "auth.permission", "pk": 86, "fields": {"name": "Can change Tagged Item", "content_type": 29, "codename": "change_taggeditem"}}, {"model": "auth.permission", "pk": 87, "fields": {"name": "Can delete Tagged Item", "content_type": 29, "codename": "delete_taggeditem"}}, {"model": "auth.permission", "pk": 88, "fields": {"name": "Can add Terms and Conditions", "content_type": 30, "codename": "add_termsandconditions"}}, {"model": "auth.permission", "pk": 89, "fields": {"name": "Can change Terms and Conditions", "content_type": 30, "codename": "change_termsandconditions"}}, {"model": "auth.permission", "pk": 90, "fields": {"name": "Can delete Terms and Conditions", "content_type": 30, "codename": "delete_termsandconditions"}}, {"model": "auth.permission", "pk": 91, "fields": {"name": "Can add User Terms and Conditions", "content_type": 31, "codename": "add_usertermsandconditions"}}, {"model": "auth.permission", "pk": 92, "fields": {"name": "Can change User Terms and Conditions", "content_type": 31, "codename": "change_usertermsandconditions"}}, {"model": "auth.permission", "pk": 93, "fields": {"name": "Can delete User Terms and Conditions", "content_type": 31, "codename": "delete_usertermsandconditions"}}, {"model": "courses.content", "pk": 11, "fields": {"module": 2, "content_type": 4, "object_id": 3, "order": 3}}, {"model": "courses.content", "pk": 12, "fields": {"module": 2, "content_type": 3, "object_id": 4, "order": 4}}, {"model": "courses.content", "pk": 13, "fields": {"module": 2, "content_type": 3, "object_id": 5, "order": 5}}, {"model": "courses.content", "pk": 14, "fields": {"module": 2, "content_type": 3, "object_id": 6, "order": 6}}, {"model": "courses.content", "pk": 15, "fields": {"module": 3, "content_type": 4, "object_id": 4, "order": 3}}, {"model": "courses.content", "pk": 16, "fields": {"module": 3, "content_type": 8, "object_id": 5, "order": 4}}, {"model": "courses.content", "pk": 17, "fields": {"module": 3, "content_type": 8, "object_id": 6, "order": 5}}, {"model": "courses.content", "pk": 18, "fields": {"module": 3, "content_type": 8, "object_id": 7, "order": 6}}, {"model": "courses.content", "pk": 19, "fields": {"module": 4, "content_type": 4, "object_id": 5, "order": 0}}, {"model": "courses.content", "pk": 22, "fields": {"module": 4, "content_type": 4, "object_id": 6, "order": 1}}, {"model": "courses.content", "pk": 23, "fields": {"module": 4, "content_type": 4, "object_id": 7, "order": 2}}, {"model": "courses.content", "pk": 24, "fields": {"module": 4, "content_type": 4, "object_id": 8, "order": 3}}, {"model": "courses.content", "pk": 25, "fields": {"module": 5, "content_type": 4, "object_id": 9, "order": 0}}, {"model": "courses.content", "pk": 26, "fields": {"module": 5, "content_type": 3, "object_id": 7, "order": 1}}, {"model": "courses.content", "pk": 27, "fields": {"module": 5, "content_type": 3, "object_id": 8, "order": 2}}, {"model": "courses.content", "pk": 28, "fields": {"module": 5, "content_type": 3, "object_id": 9, "order": 3}}, {"model": "courses.content", "pk": 30, "fields": {"module": 6, "content_type": 4, "object_id": 11, "order": 0}}, {"model": "courses.content", "pk": 31, "fields": {"module": 6, "content_type": 3, "object_id": 10, "order": 1}}, {"model": "courses.content", "pk": 32, "fields": {"module": 6, "content_type": 3, "object_id": 11, "order": 2}}, {"model": "courses.content", "pk": 33, "fields": {"module": 6, "content_type": 3, "object_id": 12, "order": 3}}, {"model": "courses.content", "pk": 34, "fields": {"module": 7, "content_type": 4, "object_id": 12, "order": 0}}, {"model": "courses.content", "pk": 36, "fields": {"module": 7, "content_type": 4, "object_id": 13, "order": 1}}, {"model": "courses.content", "pk": 37, "fields": {"module": 7, "content_type": 4, "object_id": 14, "order": 2}}, {"model": "courses.content", "pk": 38, "fields": {"module": 7, "content_type": 4, "object_id": 15, "order": 3}}, {"model": "courses.content", "pk": 39, "fields": {"module": 8, "content_type": 4, "object_id": 16, "order": 0}}, {"model": "courses.content", "pk": 40, "fields": {"module": 9, "content_type": 4, "object_id": 17, "order": 0}}, {"model": "courses.content", "pk": 41, "fields": {"module": 10, "content_type": 4, "object_id": 18, "order": 0}}, {"model": "courses.content", "pk": 42, "fields": {"module": 8, "content_type": 3, "object_id": 14, "order": 1}}, {"model": "courses.content", "pk": 43, "fields": {"module": 8, "content_type": 3, "object_id": 15, "order": 2}}, {"model": "courses.content", "pk": 44, "fields": {"module": 8, "content_type": 3, "object_id": 16, "order": 3}}, {"model": "courses.content", "pk": 49, "fields": {"module": 10, "content_type": 4, "object_id": 19, "order": 1}}, {"model": "courses.content", "pk": 50, "fields": {"module": 10, "content_type": 4, "object_id": 20, "order": 2}}, {"model": "courses.content", "pk": 51, "fields": {"module": 10, "content_type": 4, "object_id": 21, "order": 3}}, {"model": "courses.content", "pk": 52, "fields": {"module": 10, "content_type": 4, "object_id": 22, "order": 4}}, {"model": "courses.content", "pk": 53, "fields": {"module": 10, "content_type": 4, "object_id": 23, "order": 5}}, {"model": "courses.content", "pk": 54, "fields": {"module": 11, "content_type": 4, "object_id": 24, "order": 0}}, {"model": "courses.content", "pk": 55, "fields": {"module": 11, "content_type": 3, "object_id": 20, "order": 1}}, {"model": "courses.content", "pk": 56, "fields": {"module": 11, "content_type": 3, "object_id": 21, "order": 2}}, {"model": "courses.content", "pk": 57, "fields": {"module": 11, "content_type": 3, "object_id": 22, "order": 3}}, {"model": "courses.content", "pk": 58, "fields": {"module": 12, "content_type": 4, "object_id": 25, "order": 0}}, {"model": "courses.content", "pk": 59, "fields": {"module": 12, "content_type": 3, "object_id": 23, "order": 1}}, {"model": "courses.content", "pk": 60, "fields": {"module": 12, "content_type": 3, "object_id": 24, "order": 2}}, {"model": "courses.content", "pk": 61, "fields": {"module": 12, "content_type": 3, "object_id": 25, "order": 3}}, {"model": "courses.content", "pk": 62, "fields": {"module": 13, "content_type": 4, "object_id": 26, "order": 0}}, {"model": "courses.content", "pk": 63, "fields": {"module": 13, "content_type": 4, "object_id": 27, "order": 1}}, {"model": "courses.content", "pk": 64, "fields": {"module": 13, "content_type": 4, "object_id": 28, "order": 2}}, {"model": "courses.content", "pk": 65, "fields": {"module": 13, "content_type": 4, "object_id": 29, "order": 3}}, {"model": "courses.content", "pk": 66, "fields": {"module": 13, "content_type": 4, "object_id": 30, "order": 4}}, {"model": "courses.content", "pk": 67, "fields": {"module": 13, "content_type": 4, "object_id": 31, "order": 5}}, {"model": "courses.content", "pk": 68, "fields": {"module": 9, "content_type": 3, "object_id": 26, "order": 4}}, {"model": "courses.content", "pk": 69, "fields": {"module": 9, "content_type": 3, "object_id": 27, "order": 5}}, {"model": "courses.content", "pk": 70, "fields": {"module": 9, "content_type": 3, "object_id": 28, "order": 6}}, {"model": "courses.content", "pk": 73, "fields": {"module": 16, "content_type": 7, "object_id": 6, "order": 0}}, {"model": "courses.content", "pk": 74, "fields": {"module": 16, "content_type": 4, "object_id": 33, "order": 1}}, {"model": "courses.content", "pk": 75, "fields": {"module": 17, "content_type": 4, "object_id": 34, "order": 0}}, {"model": "courses.content", "pk": 76, "fields": {"module": 18, "content_type": 8, "object_id": 8, "order": 0}}, {"model": "courses.content", "pk": 77, "fields": {"module": 18, "content_type": 8, "object_id": 9, "order": 1}}, {"model": "courses.content", "pk": 78, "fields": {"module": 19, "content_type": 4, "object_id": 35, "order": 0}}, {"model": "courses.content", "pk": 79, "fields": {"module": 19, "content_type": 4, "object_id": 36, "order": 1}}, {"model": "courses.content", "pk": 80, "fields": {"module": 19, "content_type": 4, "object_id": 37, "order": 2}}, {"model": "courses.content", "pk": 81, "fields": {"module": 20, "content_type": 4, "object_id": 38, "order": 0}}, {"model": "courses.content", "pk": 82, "fields": {"module": 21, "content_type": 8, "object_id": 10, "order": 0}}, {"model": "courses.content", "pk": 83, "fields": {"module": 21, "content_type": 8, "object_id": 11, "order": 1}}, {"model": "courses.content", "pk": 84, "fields": {"module": 21, "content_type": 8, "object_id": 12, "order": 2}}, {"model": "courses.content", "pk": 85, "fields": {"module": 22, "content_type": 4, "object_id": 39, "order": 0}}, {"model": "courses.content", "pk": 86, "fields": {"module": 22, "content_type": 4, "object_id": 40, "order": 1}}, {"model": "courses.content", "pk": 87, "fields": {"module": 22, "content_type": 4, "object_id": 41, "order": 2}}, {"model": "courses.content", "pk": 88, "fields": {"module": 24, "content_type": 8, "object_id": 13, "order": 0}}, {"model": "courses.content", "pk": 89, "fields": {"module": 24, "content_type": 8, "object_id": 14, "order": 1}}, {"model": "courses.content", "pk": 90, "fields": {"module": 24, "content_type": 8, "object_id": 15, "order": 2}}, {"model": "courses.content", "pk": 91, "fields": {"module": 23, "content_type": 4, "object_id": 42, "order": 0}}, {"model": "courses.content", "pk": 92, "fields": {"module": 25, "content_type": 4, "object_id": 43, "order": 0}}, {"model": "courses.content", "pk": 93, "fields": {"module": 25, "content_type": 4, "object_id": 44, "order": 1}}, {"model": "courses.content", "pk": 94, "fields": {"module": 25, "content_type": 4, "object_id": 45, "order": 2}}, {"model": "courses.content", "pk": 95, "fields": {"module": 26, "content_type": 8, "object_id": 16, "order": 0}}, {"model": "courses.content", "pk": 96, "fields": {"module": 26, "content_type": 8, "object_id": 17, "order": 1}}, {"model": "courses.content", "pk": 97, "fields": {"module": 15, "content_type": 4, "object_id": 46, "order": 0}}, {"model": "courses.content", "pk": 98, "fields": {"module": 27, "content_type": 4, "object_id": 47, "order": 0}}, {"model": "courses.content", "pk": 99, "fields": {"module": 27, "content_type": 4, "object_id": 48, "order": 1}}, {"model": "courses.content", "pk": 100, "fields": {"module": 27, "content_type": 4, "object_id": 49, "order": 2}}, {"model": "courses.content", "pk": 101, "fields": {"module": 28, "content_type": 8, "object_id": 18, "order": 0}}, {"model": "courses.content", "pk": 102, "fields": {"module": 28, "content_type": 4, "object_id": 50, "order": 1}}, {"model": "courses.content", "pk": 103, "fields": {"module": 28, "content_type": 4, "object_id": 51, "order": 2}}, {"model": "courses.content", "pk": 104, "fields": {"module": 29, "content_type": 8, "object_id": 19, "order": 0}}, {"model": "courses.content", "pk": 105, "fields": {"module": 29, "content_type": 8, "object_id": 20, "order": 1}}, {"model": "courses.content", "pk": 106, "fields": {"module": 29, "content_type": 7, "object_id": 7, "order": 2}}, {"model": "courses.content", "pk": 107, "fields": {"module": 29, "content_type": 4, "object_id": 52, "order": 3}}, {"model": "courses.content", "pk": 108, "fields": {"module": 30, "content_type": 8, "object_id": 21, "order": 0}}, {"model": "courses.content", "pk": 109, "fields": {"module": 30, "content_type": 8, "object_id": 22, "order": 1}}, {"model": "courses.content", "pk": 110, "fields": {"module": 30, "content_type": 4, "object_id": 53, "order": 2}}, {"model": "courses.content", "pk": 111, "fields": {"module": 30, "content_type": 4, "object_id": 54, "order": 3}}, {"model": "courses.content", "pk": 112, "fields": {"module": 30, "content_type": 4, "object_id": 55, "order": 4}}, {"model": "courses.content", "pk": 113, "fields": {"module": 30, "content_type": 4, "object_id": 56, "order": 5}}, {"model": "courses.content", "pk": 114, "fields": {"module": 30, "content_type": 3, "object_id": 29, "order": 6}}, {"model": "courses.content", "pk": 115, "fields": {"module": 30, "content_type": 3, "object_id": 30, "order": 7}}, {"model": "courses.content", "pk": 116, "fields": {"module": 30, "content_type": 3, "object_id": 31, "order": 8}}, {"model": "courses.content", "pk": 117, "fields": {"module": 31, "content_type": 8, "object_id": 23, "order": 0}}, {"model": "courses.content", "pk": 118, "fields": {"module": 31, "content_type": 4, "object_id": 57, "order": 1}}, {"model": "courses.content", "pk": 119, "fields": {"module": 31, "content_type": 4, "object_id": 58, "order": 2}}, {"model": "courses.content", "pk": 120, "fields": {"module": 31, "content_type": 3, "object_id": 32, "order": 3}}, {"model": "courses.content", "pk": 121, "fields": {"module": 31, "content_type": 3, "object_id": 33, "order": 4}}, {"model": "courses.content", "pk": 123, "fields": {"module": 32, "content_type": 8, "object_id": 24, "order": 0}}, {"model": "courses.content", "pk": 124, "fields": {"module": 32, "content_type": 8, "object_id": 25, "order": 1}}, {"model": "courses.content", "pk": 125, "fields": {"module": 32, "content_type": 3, "object_id": 35, "order": 2}}, {"model": "courses.content", "pk": 126, "fields": {"module": 32, "content_type": 3, "object_id": 36, "order": 3}}, {"model": "courses.content", "pk": 127, "fields": {"module": 32, "content_type": 3, "object_id": 37, "order": 4}}, {"model": "courses.content", "pk": 128, "fields": {"module": 32, "content_type": 3, "object_id": 38, "order": 5}}, {"model": "courses.content", "pk": 129, "fields": {"module": 32, "content_type": 4, "object_id": 59, "order": 6}}, {"model": "courses.content", "pk": 131, "fields": {"module": 33, "content_type": 4, "object_id": 60, "order": 0}}, {"model": "courses.content", "pk": 132, "fields": {"module": 33, "content_type": 3, "object_id": 40, "order": 1}}, {"model": "courses.content", "pk": 133, "fields": {"module": 33, "content_type": 3, "object_id": 41, "order": 2}}, {"model": "courses.content", "pk": 134, "fields": {"module": 33, "content_type": 3, "object_id": 42, "order": 3}}, {"model": "courses.content", "pk": 135, "fields": {"module": 33, "content_type": 3, "object_id": 43, "order": 4}}, {"model": "courses.content", "pk": 136, "fields": {"module": 33, "content_type": 3, "object_id": 44, "order": 5}}, {"model": "courses.content", "pk": 137, "fields": {"module": 33, "content_type": 3, "object_id": 45, "order": 6}}, {"model": "courses.content", "pk": 138, "fields": {"module": 33, "content_type": 3, "object_id": 46, "order": 7}}, {"model": "courses.content", "pk": 139, "fields": {"module": 34, "content_type": 3, "object_id": 47, "order": 0}}, {"model": "courses.content", "pk": 140, "fields": {"module": 34, "content_type": 3, "object_id": 48, "order": 1}}, {"model": "courses.content", "pk": 142, "fields": {"module": 34, "content_type": 3, "object_id": 50, "order": 3}}, {"model": "courses.content", "pk": 143, "fields": {"module": 34, "content_type": 3, "object_id": 51, "order": 4}}, {"model": "students.user", "pk": 1, "fields": {"password": "pbkdf2_sha256$36000$9pGCrQkyUrtB$ogb63PyDURPdkS7gafFPtWpSMfJVBoUNYvcLHYbbPB8=", "last_login": "2021-04-16T14:57:01.219", "is_superuser": true, "username": "admin", "first_name": "", "last_name": "", "email": "admin@gmail.com", "is_staff": true, "is_active": true, "date_joined": "2021-01-28T20:02:47.288", "is_student": false, "is_teacher": false, "groups": [], "user_permissions": []}}, {"model": "students.user", "pk": 8, "fields": {"password": "pbkdf2_sha256$36000$EMretXPKZ2oD$wLwYucGEuiOOb2bWjBroW4oti0MW5MTj86ehJU/PYWk=", "last_login": "2021-04-17T15:47:06.942", "is_superuser": false, "username": "MissDoria", "first_name": "", "last_name": "", "email": "missdoria@gmail.com", "is_staff": false, "is_active": true, "date_joined": "2021-01-30T16:27:35", "is_student": false, "is_teacher": true, "groups": [], "user_permissions": []}}, {"model": "students.user", "pk": 9, "fields": {"password": "pbkdf2_sha256$36000$YKFbGdkOnjA6$uTlrtvQdInT08AeBsDOOo1lCGNAMflnACME6TxCRNAI=", "last_login": "2021-01-31T01:02:23.234", "is_superuser": false, "username": "NicoDoria", "first_name": "", "last_name": "", "email": "angelonicodoria@gmail.com", "is_staff": false, "is_active": true, "date_joined": "2021-01-30T20:14:19.958", "is_student": true, "is_teacher": false, "groups": [], "user_permissions": []}}, {"model": "students.user", "pk": 10, "fields": {"password": "pbkdf2_sha256$36000$3PLrvQji4ruH$IJz5Gq/ll9gpIZZR8oyrpNWumPEkiq92vbBtuBghg20=", "last_login": "2021-04-17T15:55:24.337", "is_superuser": false, "username": "poppypatel", "first_name": "", "last_name": "", "email": "poppyalyssapatel@gmail.com", "is_staff": false, "is_active": true, "date_joined": "2021-01-31T01:04:00.170", "is_student": true, "is_teacher": false, "groups": [], "user_permissions": []}}, {"model": "students.user", "pk": 11, "fields": {"password": "pbkdf2_sha256$36000$hnJaA9Ez25OS$1uDJyxN7CxIq3PqQxFhQCg8r04MlG+2W4t8k49tPwGs=", "last_login": "2021-04-18T02:21:16.757", "is_superuser": false, "username": "keval", "first_name": "", "last_name": "", "email": "kevalkant9098@gmail.com", "is_staff": false, "is_active": true, "date_joined": "2021-04-18T02:21:16.224", "is_student": true, "is_teacher": false, "groups": [], "user_permissions": []}}, {"model": "students.user", "pk": 12, "fields": {"password": "pbkdf2_sha256$36000$LIr0Vs37dLWZ$Ijxe6AW/mjKEtqt5wshJPlO66K4s+Ju2IaLVZulN3RM=", "last_login": "2021-04-18T02:39:12.459", "is_superuser": true, "username": "beast", "first_name": "", "last_name": "", "email": "test@gmail.com", "is_staff": true, "is_active": true, "date_joined": "2021-04-18T02:38:57.822", "is_student": false, "is_teacher": false, "groups": [], "user_permissions": []}}, {"model": "students.quiz", "pk": 1, "fields": {"owner": 8, "name": "English grammar, punctuation and spelling", "tags": 7}}, {"model": "students.profile", "pk": 1, "fields": {"user": 1, "award_points": 0, "location": "", "birthdate": null}}, {"model": "students.profile", "pk": 8, "fields": {"user": 8, "award_points": 6, "location": "", "birthdate": null}}, {"model": "students.profile", "pk": 9, "fields": {"user": 9, "award_points": 12, "location": "", "birthdate": null}}, {"model": "students.profile", "pk": 10, "fields": {"user": 10, "award_points": 134, "location": "", "birthdate": null}}, {"model": "students.profile", "pk": 11, "fields": {"user": 11, "award_points": 9, "location": "", "birthdate": null}}, {"model": "students.profile", "pk": 12, "fields": {"user": 12, "award_points": 0, "location": "", "birthdate": null}}, {"model": "students.student", "pk": 10, "fields": {"interests": [6]}}, {"model": "students.student", "pk": 11, "fields": {"interests": [6]}}, {"model": "admin.logentry", "pk": 1, "fields": {"action_time": "2021-01-28T20:04:11.483", "user": 1, "content_type": 6, "object_id": "1", "object_repr": "English", "action_flag": 1, "change_message": "[{\"added\": {}}]"}}, {"model": "admin.logentry", "pk": 2, "fields": {"action_time": "2021-01-28T20:04:24.082", "user": 1, "content_type": 6, "object_id": "2", "object_repr": "Python", "action_flag": 1, "change_message": "[{\"added\": {}}]"}}, {"model": "admin.logentry", "pk": 3, "fields": {"action_time": "2021-01-28T20:04:31.128", "user": 1, "content_type": 6, "object_id": "3", "object_repr": "Java", "action_flag": 1, "change_message": "[{\"added\": {}}]"}}, {"model": "admin.logentry", "pk": 4, "fields": {"action_time": "2021-01-28T20:05:01.156", "user": 1, "content_type": 24, "object_id": "1", "object_repr": "O level", "action_flag": 1, "change_message": "[{\"added\": {}}]"}}, {"model": "admin.logentry", "pk": 5, "fields": {"action_time": "2021-01-28T20:05:16.479", "user": 1, "content_type": 24, "object_id": "2", "object_repr": "A Level", "action_flag": 1, "change_message": "[{\"added\": {}}]"}}, {"model": "admin.logentry", "pk": 6, "fields": {"action_time": "2021-01-28T20:05:32.759", "user": 1, "content_type": 24, "object_id": "3", "object_repr": "Beginner", "action_flag": 1, "change_message": "[{\"added\": {}}]"}}, {"model": "admin.logentry", "pk": 7, "fields": {"action_time": "2021-01-30T15:53:42.860", "user": 1, "content_type": 24, "object_id": "3", "object_repr": "Beginner", "action_flag": 3, "change_message": ""}}, {"model": "admin.logentry", "pk": 8, "fields": {"action_time": "2021-01-30T15:53:58.239", "user": 1, "content_type": 24, "object_id": "1", "object_repr": "O level", "action_flag": 3, "change_message": ""}}, {"model": "admin.logentry", "pk": 9, "fields": {"action_time": "2021-01-30T15:54:06.435", "user": 1, "content_type": 24, "object_id": "2", "object_repr": "A Level", "action_flag": 3, "change_message": ""}}, {"model": "admin.logentry", "pk": 10, "fields": {"action_time": "2021-01-30T15:54:32.190", "user": 1, "content_type": 24, "object_id": "4", "object_repr": "Year 1", "action_flag": 1, "change_message": "[{\"added\": {}}]"}}, {"model": "admin.logentry", "pk": 11, "fields": {"action_time": "2021-01-30T15:54:49.932", "user": 1, "content_type": 24, "object_id": "5", "object_repr": "year 2", "action_flag": 1, "change_message": "[{\"added\": {}}]"}}, {"model": "admin.logentry", "pk": 12, "fields": {"action_time": "2021-01-30T15:55:03.062", "user": 1, "content_type": 24, "object_id": "6", "object_repr": "year 3", "action_flag": 1, "change_message": "[{\"added\": {}}]"}}, {"model": "admin.logentry", "pk": 13, "fields": {"action_time": "2021-01-30T15:55:35.833", "user": 1, "content_type": 24, "object_id": "7", "object_repr": "year 4", "action_flag": 1, "change_message": "[{\"added\": {}}]"}}, {"model": "admin.logentry", "pk": 14, "fields": {"action_time": "2021-01-30T15:58:08.608", "user": 1, "content_type": 6, "object_id": "1", "object_repr": "English", "action_flag": 3, "change_message": ""}}, {"model": "admin.logentry", "pk": 15, "fields": {"action_time": "2021-01-30T15:58:21.488", "user": 1, "content_type": 6, "object_id": "3", "object_repr": "Java", "action_flag": 3, "change_message": ""}}, {"model": "admin.logentry", "pk": 16, "fields": {"action_time": "2021-01-30T15:59:13.037", "user": 1, "content_type": 6, "object_id": "4", "object_repr": "English", "action_flag": 1, "change_message": "[{\"added\": {}}]"}}, {"model": "admin.logentry", "pk": 17, "fields": {"action_time": "2021-01-30T15:59:24.818", "user": 1, "content_type": 6, "object_id": "2", "object_repr": "Python", "action_flag": 3, "change_message": ""}}, {"model": "admin.logentry", "pk": 18, "fields": {"action_time": "2021-01-30T16:00:45.515", "user": 1, "content_type": 6, "object_id": "5", "object_repr": "English 2", "action_flag": 1, "change_message": "[{\"added\": {}}]"}}, {"model": "admin.logentry", "pk": 36, "fields": {"action_time": "2021-01-31T11:32:27.290", "user": 1, "content_type": 19, "object_id": "8", "object_repr": "MissDoria", "action_flag": 2, "change_message": "[]"}}, {"model": "admin.logentry", "pk": 38, "fields": {"action_time": "2021-03-24T23:43:24.913", "user": 1, "content_type": 22, "object_id": "3", "object_repr": "reading", "action_flag": 3, "change_message": ""}}, {"model": "admin.logentry", "pk": 39, "fields": {"action_time": "2021-03-24T23:43:30.476", "user": 1, "content_type": 22, "object_id": "2", "object_repr": "English", "action_flag": 3, "change_message": ""}}, {"model": "admin.logentry", "pk": 40, "fields": {"action_time": "2021-04-18T02:43:26.532", "user": 12, "content_type": 19, "object_id": "7", "object_repr": "alyssanicoledoria", "action_flag": 2, "change_message": "[{\"changed\": {\"name\": \"profile\", \"object\": \"alyssanicoledoria\", \"fields\": [\"location\"]}}]"}}, {"model": "admin.logentry", "pk": 41, "fields": {"action_time": "2021-04-18T02:44:09.588", "user": 12, "content_type": 19, "object_id": "7", "object_repr": "alyssanicoledoria", "action_flag": 3, "change_message": ""}}, {"model": "courses.badgeaward", "pk": 7, "fields": {"user": 8, "awarded_at": "2021-01-30T16:27:35.238", "slug": "teacher_signup", "level": 1}}, {"model": "courses.badgeaward", "pk": 8, "fields": {"user": 9, "awarded_at": "2021-01-30T20:14:20.046", "slug": "student_signup", "level": 1}}, {"model": "courses.badgeaward", "pk": 9, "fields": {"user": 9, "awarded_at": "2021-01-30T23:52:16.565", "slug": "enroll_course", "level": 1}}, {"model": "courses.badgeaward", "pk": 10, "fields": {"user": 9, "awarded_at": "2021-01-31T00:42:20.216", "slug": "enroll_course", "level": 1}}, {"model": "courses.badgeaward", "pk": 11, "fields": {"user": 9, "awarded_at": "2021-01-31T00:43:42.090", "slug": "enroll_course", "level": 1}}, {"model": "courses.badgeaward", "pk": 12, "fields": {"user": 10, "awarded_at": "2021-01-31T01:04:00.254", "slug": "student_signup", "level": 1}}, {"model": "courses.badgeaward", "pk": 13, "fields": {"user": 10, "awarded_at": "2021-01-31T16:27:48.348", "slug": "enroll_course", "level": 1}}, {"model": "courses.badgeaward", "pk": 14, "fields": {"user": 10, "awarded_at": "2021-01-31T16:42:57.103", "slug": "enroll_course", "level": 1}}, {"model": "courses.badgeaward", "pk": 15, "fields": {"user": 10, "awarded_at": "2021-01-31T17:36:03.567", "slug": "reviews_course", "level": 1}}, {"model": "courses.badgeaward", "pk": 16, "fields": {"user": 10, "awarded_at": "2021-01-31T18:01:10.156", "slug": "take_quiz", "level": 1}}, {"model": "courses.badgeaward", "pk": 17, "fields": {"user": 10, "awarded_at": "2021-01-31T18:52:44.143", "slug": "enroll_course", "level": 1}}, {"model": "courses.badgeaward", "pk": 18, "fields": {"user": 10, "awarded_at": "2021-01-31T22:36:35.890", "slug": "enroll_course", "level": 1}}, {"model": "courses.badgeaward", "pk": 19, "fields": {"user": 10, "awarded_at": "2021-02-04T19:07:21.914", "slug": "enroll_course", "level": 1}}, {"model": "courses.badgeaward", "pk": 20, "fields": {"user": 10, "awarded_at": "2021-02-11T18:38:42.904", "slug": "enroll_course", "level": 1}}, {"model": "courses.badgeaward", "pk": 21, "fields": {"user": 10, "awarded_at": "2021-02-15T16:19:19.788", "slug": "enroll_course", "level": 1}}, {"model": "courses.badgeaward", "pk": 22, "fields": {"user": 10, "awarded_at": "2021-02-15T16:51:11.698", "slug": "enroll_course", "level": 1}}, {"model": "courses.badgeaward", "pk": 23, "fields": {"user": 8, "awarded_at": "2021-02-15T18:17:19.351", "slug": "enroll_course", "level": 1}}, {"model": "courses.badgeaward", "pk": 24, "fields": {"user": 10, "awarded_at": "2021-02-16T14:39:53.187", "slug": "reviews_course", "level": 1}}, {"model": "courses.badgeaward", "pk": 25, "fields": {"user": 10, "awarded_at": "2021-04-03T12:57:03.279", "slug": "enroll_course", "level": 1}}, {"model": "courses.badgeaward", "pk": 26, "fields": {"user": 10, "awarded_at": "2021-04-13T11:56:06.613", "slug": "enroll_course", "level": 1}}, {"model": "courses.badgeaward", "pk": 27, "fields": {"user": 10, "awarded_at": "2021-04-13T12:26:12.919", "slug": "enroll_course", "level": 1}}, {"model": "courses.badgeaward", "pk": 28, "fields": {"user": 10, "awarded_at": "2021-04-13T15:28:17.544", "slug": "enroll_course", "level": 1}}, {"model": "courses.badgeaward", "pk": 29, "fields": {"user": 10, "awarded_at": "2021-04-14T12:09:33.729", "slug": "enroll_course", "level": 1}}, {"model": "courses.badgeaward", "pk": 30, "fields": {"user": 10, "awarded_at": "2021-04-14T15:03:45.819", "slug": "enroll_course", "level": 1}}, {"model": "courses.badgeaward", "pk": 31, "fields": {"user": 11, "awarded_at": "2021-04-18T02:21:16.500", "slug": "student_signup", "level": 1}}, {"model": "courses.badgeaward", "pk": 32, "fields": {"user": 11, "awarded_at": "2021-04-18T02:21:26.645", "slug": "enroll_course", "level": 1}}, {"model": "courses.badgeaward", "pk": 33, "fields": {"user": 11, "awarded_at": "2021-04-18T02:26:54.880", "slug": "enroll_course", "level": 1}}, {"model": "courses.review", "pk": 1, "fields": {"course": 2, "pub_date": "2021-01-31T17:36:03.545", "user_name": 10, "comment": "More Variety of audio books", "rating": 5}}, {"model": "courses.review", "pk": 2, "fields": {"course": 3, "pub_date": "2021-02-16T14:39:53.176", "user_name": 10, "comment": "more complex reading tasks", "rating": 3}}, {"model": "courses.video", "pk": 5, "fields": {"owner": 8, "title": "The Bigfoot Mystery", "created": "2021-01-31T16:52:17.211", "updated": "2021-02-11T16:38:34.713", "url": "https://www.youtube.com/watch?v=8GFDBQPjZQM"}}, {"model": "courses.video", "pk": 6, "fields": {"owner": 8, "title": "Save the Artic", "created": "2021-01-31T16:52:42.363", "updated": "2021-01-31T16:52:42.363", "url": "https://www.youtube.com/watch?v=ArgzDJxMKeI"}}, {"model": "courses.video", "pk": 7, "fields": {"owner": 8, "title": "The DInosaur Who Lost His Roar", "created": "2021-01-31T16:53:02.858", "updated": "2021-01-31T16:53:02.858", "url": "https://www.youtube.com/watch?v=ppyiuCyNGqY"}}, {"model": "courses.video", "pk": 8, "fields": {"owner": 8, "title": "Grade 3 Spelling", "created": "2021-04-03T13:30:28.641", "updated": "2021-04-03T13:30:28.641", "url": "https://www.youtube.com/watch?v=3GwnxuRrloQ"}}, {"model": "courses.video", "pk": 9, "fields": {"owner": 8, "title": "Learn Year 3 English Sight Words", "created": "2021-04-03T13:31:16.776", "updated": "2021-04-03T13:31:16.776", "url": "https://www.youtube.com/watch?v=FSkgVDrLb5A"}}, {"model": "courses.video", "pk": 10, "fields": {"owner": 8, "title": "How to use apostrophes  Watch this short animation to find out how apostrophes, including possessive apostrophes, are used correctly.", "created": "2021-04-13T12:11:46.718", "updated": "2021-04-13T12:11:46.718", "url": "https://youtu.be/sueh1OKXp78"}}, {"model": "courses.video", "pk": 11, "fields": {"owner": 8, "title": "What are mnemonics?  Mnenomics can help us to spell tricky words. Watch this short animation to find out how, and discover useful ways to remember how to spell words like 'please' and 'friend'.", "created": "2021-04-13T12:12:05.349", "updated": "2021-04-13T12:12:05.349", "url": "https://youtu.be/AcUoW1ek5zU"}}, {"model": "courses.video", "pk": 12, "fields": {"owner": 8, "title": "What are synonyms & antonyms?  Watch this short animation to get help with grammar and vocabulary by learning about synonyms and antonyms.", "created": "2021-04-13T12:12:33.462", "updated": "2021-04-13T12:12:33.462", "url": "https://youtu.be/F_kvS4KYrqM"}}, {"model": "courses.video", "pk": 13, "fields": {"owner": 8, "title": "What are plurals?  Watch this short animation to learn the spelling rules for plural nouns.", "created": "2021-04-13T15:21:56.850", "updated": "2021-04-13T15:21:56.850", "url": "https://youtu.be/6hVDIH8NXi8"}}, {"model": "courses.video", "pk": 14, "fields": {"owner": 8, "title": "What are homographs?  Watch this short animation to learn about homographs, words that look the same written down but mean different things.", "created": "2021-04-13T15:22:11.757", "updated": "2021-04-13T15:22:11.757", "url": "https://youtu.be/nXUKrXHo_e0"}}, {"model": "courses.video", "pk": 15, "fields": {"owner": 8, "title": "What are homophones?  Watch this short animation to learn about homophones, words that sound the same out loud but mean different things.", "created": "2021-04-13T15:22:29.297", "updated": "2021-04-13T15:22:29.297", "url": "https://youtu.be/gXaq6N98kkA"}}, {"model": "courses.video", "pk": 16, "fields": {"owner": 8, "title": "What are prefixes and suffixes?  Watch this short animation to learn how to use prefixes and suffixes.", "created": "2021-04-13T15:38:31.955", "updated": "2021-04-13T15:38:31.955", "url": "https://youtu.be/AB-meWtYNs0"}}, {"model": "courses.video", "pk": 17, "fields": {"owner": 8, "title": "What are fronted adverbials?", "created": "2021-04-13T15:42:12.158", "updated": "2021-04-13T15:42:12.158", "url": "https://youtu.be/Lk-_LIc3dWA?list=PLB5TN0ac12P8J5P-tZMMY84pmEIQY6Pep"}}, {"model": "courses.video", "pk": 18, "fields": {"owner": 8, "title": "Level 1 Phonics", "created": "2021-04-13T19:10:11.908", "updated": "2021-04-13T19:10:11.908", "url": "https://youtu.be/OotUxIesQBM"}}, {"model": "courses.video", "pk": 19, "fields": {"owner": 8, "title": "Phase 2 Phonics Educational Video:  This educational video about Phase 2 Phonics provides some excellent information", "created": "2021-04-14T12:04:00.464", "updated": "2021-04-14T12:04:00.464", "url": "https://youtu.be/D8etBZWtGL4"}}, {"model": "courses.video", "pk": 20, "fields": {"owner": 8, "title": "Tricky Words and Sight Words Song:  A tricky word/sight word song for children", "created": "2021-04-14T12:05:02.182", "updated": "2021-04-14T12:05:02.182", "url": "https://youtu.be/TvMyssfAUx0"}}, {"model": "courses.video", "pk": 21, "fields": {"owner": 8, "title": "Phase 3 Tricky Words Song: Tricky words/sight words featured me, be, was, you, my, all, are, they, was.", "created": "2021-04-14T12:13:31.371", "updated": "2021-04-14T12:13:31.371", "url": "https://youtu.be/R087lYrRpgY"}}, {"model": "courses.video", "pk": 22, "fields": {"owner": 8, "title": "What are CVC words?:  A CVC word is a word that is made up of a consonant, vowel and consonant sound.  Cat, hot, tip, man and hut are all CVC words.", "created": "2021-04-14T12:15:32.499", "updated": "2021-04-14T12:15:32.499", "url": "https://youtu.be/BU11eSkCzAw"}}, {"model": "courses.video", "pk": 23, "fields": {"owner": 8, "title": "Phase 4 Tricky Words Song Sight Words Song for said, have, like, come, some, what, when", "created": "2021-04-14T12:31:06.038", "updated": "2021-04-14T12:31:06.038", "url": "https://youtu.be/3NOzgR1ANc4"}}, {"model": "courses.video", "pk": 24, "fields": {"owner": 8, "title": "Phonics Phase 5 Sounds Punctuation", "created": "2021-04-14T13:07:40.826", "updated": "2021-04-14T13:07:40.826", "url": "https://www.youtube.com/watch?v=R3S5sJw7MfI"}}, {"model": "courses.video", "pk": 25, "fields": {"owner": 8, "title": "Phase 5 Sounds Song Phase 5 phonics sounds with a simple melody. Children are learning the spellings using letter names and the sounds that these letter combinations make.", "created": "2021-04-14T13:08:03.943", "updated": "2021-04-14T13:08:03.943", "url": "https://youtu.be/YPW-ZkhRUPY"}}, {"model": "courses.image", "pk": 3, "fields": {"owner": 8, "title": "Children Story Book", "created": "2021-01-31T16:42:32.738", "updated": "2021-01-31T16:43:43.878", "file": "images/Reading_img01_hrrrUdp.png"}}, {"model": "courses.image", "pk": 4, "fields": {"owner": 8, "title": "AUDIO BOOKS", "created": "2021-01-31T16:51:43.115", "updated": "2021-01-31T16:51:43.115", "file": "images/AUDIO_BOOKS.png"}}, {"model": "courses.image", "pk": 5, "fields": {"owner": 8, "title": "Reading Tasks", "created": "2021-01-31T17:10:04.058", "updated": "2021-01-31T17:10:04.058", "file": "images/Reading_comprehension_tasks.png"}}, {"model": "courses.image", "pk": 6, "fields": {"owner": 8, "title": "Dazzling Diwali", "created": "2021-01-31T17:30:15.111", "updated": "2021-01-31T17:30:15.111", "file": "images/Dazzling_Diwali.png"}}, {"model": "courses.image", "pk": 7, "fields": {"owner": 8, "title": "An Extract from Howard Carter's Diary", "created": "2021-01-31T17:30:58.272", "updated": "2021-01-31T17:30:58.272", "file": "images/An_Extract_from_Howards_Carters_Diary.png"}}, {"model": "courses.image", "pk": 8, "fields": {"owner": 8, "title": "One Tiny Mistake", "created": "2021-01-31T17:32:34.959", "updated": "2021-01-31T17:32:34.959", "file": "images/One_Tiny_Mistake_.png"}}, {"model": "courses.image", "pk": 9, "fields": {"owner": 8, "title": "Year 4 Reading Books", "created": "2021-02-04T19:03:44.817", "updated": "2021-02-04T19:03:44.817", "file": "images/Cream_Green_Board_English_Classroom_Poster.png"}}, {"model": "courses.image", "pk": 11, "fields": {"owner": 8, "title": "Audio Book Poster", "created": "2021-02-04T19:18:39.572", "updated": "2021-02-04T19:18:39.572", "file": "images/Cream_Green_Board_English_Classroom_Poster_copy_BKb2cUN.png"}}, {"model": "courses.image", "pk": 12, "fields": {"owner": 8, "title": "READING COMPREHENSION TASKS  - YEAR 4", "created": "2021-02-04T21:40:00.180", "updated": "2021-02-04T21:40:00.181", "file": "images/Cream_Green_Board_English_Classroom_Poster_copy_2.png"}}, {"model": "courses.image", "pk": 13, "fields": {"owner": 8, "title": "Caesar\u2019s Calendar Conundrum", "created": "2021-02-04T21:40:52.125", "updated": "2021-02-04T21:40:52.125", "file": "images/Caesars_Calendar_Conundrum.png"}}, {"model": "courses.image", "pk": 14, "fields": {"owner": 8, "title": "Ozma and the Little Wizard", "created": "2021-02-04T21:41:05.919", "updated": "2021-02-04T21:41:05.919", "file": "images/Ozma_and_the_Little_Wizard.png"}}, {"model": "courses.image", "pk": 15, "fields": {"owner": 8, "title": "Really Rare Runes", "created": "2021-02-04T21:41:17.253", "updated": "2021-02-04T21:41:17.253", "file": "images/Really_Rare_Runes.png"}}, {"model": "courses.image", "pk": 16, "fields": {"owner": 8, "title": "Year 5 Reading Books", "created": "2021-02-11T18:35:44.651", "updated": "2021-02-11T18:35:44.651", "file": "images/Year_5_Reading_Books.png"}}, {"model": "courses.image", "pk": 17, "fields": {"owner": 8, "title": "AUDIO BOOKS Year 5", "created": "2021-02-11T18:36:09.061", "updated": "2021-02-11T18:36:09.061", "file": "images/AUDIO_BOOKS_Year_5_.png"}}, {"model": "courses.image", "pk": 18, "fields": {"owner": 8, "title": "Reading Comprehension Tasks  - YEAR 5", "created": "2021-02-11T18:36:25.151", "updated": "2021-02-11T18:36:42.001", "file": "images/Reading_Comprehension_Tasks_caXgPqd.png"}}, {"model": "courses.image", "pk": 19, "fields": {"owner": 8, "title": "Football Comprehension", "created": "2021-02-11T21:44:24.685", "updated": "2021-02-11T21:44:24.685", "file": "images/Football_Comprehension.png"}}, {"model": "courses.image", "pk": 20, "fields": {"owner": 8, "title": "Football Comprehension Questions", "created": "2021-02-11T21:44:39.735", "updated": "2021-02-11T21:44:39.735", "file": "images/Football_Comprehension_Questions.png"}}, {"model": "courses.image", "pk": 21, "fields": {"owner": 8, "title": "VE Reading Comprehesion", "created": "2021-02-11T21:44:58.436", "updated": "2021-02-11T21:44:58.436", "file": "images/VE_Reading_Comprehesion_.png"}}, {"model": "courses.image", "pk": 22, "fields": {"owner": 8, "title": "VE Reading Comprehesion Questions", "created": "2021-02-11T21:45:11.576", "updated": "2021-02-11T21:45:11.576", "file": "images/VE_Reading_Comprehesion_Questions.png"}}, {"model": "courses.image", "pk": 23, "fields": {"owner": 8, "title": "Lottery Comprehension /Questions", "created": "2021-02-11T21:45:32.334", "updated": "2021-02-11T21:45:32.334", "file": "images/Lottery_Comprehension.png"}}, {"model": "courses.image", "pk": 24, "fields": {"owner": 8, "title": "Year 6 Reading Books", "created": "2021-02-11T23:11:44.984", "updated": "2021-02-11T23:11:44.984", "file": "images/Year_6_Reading_Books.png"}}, {"model": "courses.image", "pk": 25, "fields": {"owner": 8, "title": "Audio Books", "created": "2021-02-11T23:21:49.999", "updated": "2021-02-11T23:22:03.386", "file": "images/AUDIO_BOOKS_Year_6.png"}}, {"model": "courses.image", "pk": 26, "fields": {"owner": 8, "title": "Reading Tasks", "created": "2021-02-11T23:24:23.703", "updated": "2021-02-11T23:24:23.703", "file": "images/Reading_Comprehension_Tasks_CzcmYtP.png"}}, {"model": "courses.image", "pk": 27, "fields": {"owner": 8, "title": "Pentecost Reading", "created": "2021-02-11T23:35:15.460", "updated": "2021-02-11T23:35:15.460", "file": "images/Pentecost_Reading.png"}}, {"model": "courses.image", "pk": 28, "fields": {"owner": 8, "title": "Pentecost Questions", "created": "2021-02-11T23:35:28.151", "updated": "2021-02-11T23:35:28.151", "file": "images/Pentecost_Questions.png"}}, {"model": "courses.image", "pk": 29, "fields": {"owner": 8, "title": "Tour De France", "created": "2021-02-11T23:35:41.312", "updated": "2021-02-11T23:35:41.312", "file": "images/Tour_De_France.png"}}, {"model": "courses.image", "pk": 30, "fields": {"owner": 8, "title": "William Shakespeare Reading", "created": "2021-02-11T23:35:57.221", "updated": "2021-02-11T23:35:57.221", "file": "images/William_Shakespeare_Reading.png"}}, {"model": "courses.image", "pk": 31, "fields": {"owner": 8, "title": "William Shakespeare Questions", "created": "2021-02-11T23:36:11.564", "updated": "2021-02-11T23:36:11.564", "file": "images/William_Shakespeare_Questions.png"}}, {"model": "courses.image", "pk": 33, "fields": {"owner": 8, "title": "Word List", "created": "2021-04-03T12:56:50.312", "updated": "2021-04-03T12:56:50.312", "file": "images/Year_3_Spelling_List_GaxXu4l.png"}}, {"model": "courses.image", "pk": 34, "fields": {"owner": 8, "title": "Importance of Spelling", "created": "2021-04-03T13:07:11.809", "updated": "2021-04-03T13:07:11.809", "file": "images/Importance_of_Spelling.png"}}, {"model": "courses.image", "pk": 35, "fields": {"owner": 8, "title": "Statutory Spelling Word Activity Mat: Arrive", "created": "2021-04-13T11:53:59.650", "updated": "2021-04-13T11:53:59.650", "file": "images/Statutory_Spelling_Word_Activity_Mat_Arrive.png"}}, {"model": "courses.image", "pk": 36, "fields": {"owner": 8, "title": "Statutory Spelling Word Activity Mat: Accident", "created": "2021-04-13T11:54:17.812", "updated": "2021-04-13T11:54:17.813", "file": "images/Statutory_Spelling_Word_Activity_Mat_accident.png"}}, {"model": "courses.image", "pk": 37, "fields": {"owner": 8, "title": "Statutory Spelling Word Activity Mat: Build", "created": "2021-04-13T11:55:40.858", "updated": "2021-04-13T11:55:40.858", "file": "images/Statutory_Spelling_Word_Activity_Mat_Build_.png"}}, {"model": "courses.image", "pk": 38, "fields": {"owner": 8, "title": "Year 4 Spelling List", "created": "2021-04-13T12:08:16.783", "updated": "2021-04-13T12:08:16.783", "file": "images/Year_4_Spelling_Word_List.png"}}, {"model": "courses.image", "pk": 39, "fields": {"owner": 8, "title": "Statutory Spelling Word Activity Mat: Centre", "created": "2021-04-13T12:24:38.871", "updated": "2021-04-13T12:24:38.871", "file": "images/Statutory_Spelling_Word_Activity_Mat_Centre.png"}}, {"model": "courses.image", "pk": 40, "fields": {"owner": 8, "title": "Statutory Spelling Word Activity Mat: Difficult", "created": "2021-04-13T12:25:00.026", "updated": "2021-04-13T12:25:00.026", "file": "images/Statutory_Spelling_Word_Activity_Mat_Difficult.png"}}, {"model": "courses.image", "pk": 41, "fields": {"owner": 8, "title": "Statutory Spelling Word Activity Mat: Consider", "created": "2021-04-13T12:25:15.170", "updated": "2021-04-13T12:25:15.170", "file": "images/Statutory_Spelling_Word_Activity_Mat_Consider.png"}}, {"model": "courses.image", "pk": 42, "fields": {"owner": 8, "title": "Year 5 Spelling List", "created": "2021-04-13T15:23:44.721", "updated": "2021-04-13T15:23:44.721", "file": "images/Yeat_5_Spelling_List.png"}}, {"model": "courses.image", "pk": 43, "fields": {"owner": 8, "title": "Statutory Spelling Word Activity Mat: Available", "created": "2021-04-13T15:26:04.848", "updated": "2021-04-13T15:26:04.848", "file": "images/Statutory_Spelling_Word_Activity_Mat_Available.png"}}, {"model": "courses.image", "pk": 44, "fields": {"owner": 8, "title": "Statutory Spelling Word Activity Mat: Amateur", "created": "2021-04-13T15:27:14.023", "updated": "2021-04-13T15:27:14.023", "file": "images/Statutory_Spelling_Word_Activity_Mat_Amateur.png"}}, {"model": "courses.image", "pk": 45, "fields": {"owner": 8, "title": "Statutory Spelling Word Activity Mat: Accommodate", "created": "2021-04-13T15:27:56.540", "updated": "2021-04-13T15:27:56.540", "file": "images/Statutory_Spelling_Word_Activity_Mat_Accomodate.png"}}, {"model": "courses.image", "pk": 46, "fields": {"owner": 8, "title": "Year 6 Spelling List", "created": "2021-04-13T15:44:48.281", "updated": "2021-04-13T15:44:48.281", "file": "images/Year_6_Spelling_List.png"}}, {"model": "courses.image", "pk": 47, "fields": {"owner": 8, "title": "Spelling Task 1", "created": "2021-04-13T18:40:07.651", "updated": "2021-04-13T18:40:07.651", "file": "images/Spelling_Task_1.png"}}, {"model": "courses.image", "pk": 48, "fields": {"owner": 8, "title": "Spelling Task 2", "created": "2021-04-13T18:40:21.751", "updated": "2021-04-13T18:40:21.751", "file": "images/Spelling_Task_2.png"}}, {"model": "courses.image", "pk": 49, "fields": {"owner": 8, "title": "Spelling Task 3", "created": "2021-04-13T18:40:38.217", "updated": "2021-04-13T18:40:38.218", "file": "images/Spelling_Task_3.png"}}, {"model": "courses.image", "pk": 50, "fields": {"owner": 8, "title": "Rhyming Words Poster", "created": "2021-04-14T12:00:14.337", "updated": "2021-04-14T12:00:14.337", "file": "images/Rhyming_Words.png"}}, {"model": "courses.image", "pk": 51, "fields": {"owner": 8, "title": "Old MacDonald", "created": "2021-04-14T12:01:53.127", "updated": "2021-04-14T12:01:53.127", "file": "images/Old_MacDonald.png"}}, {"model": "courses.image", "pk": 52, "fields": {"owner": 8, "title": "Phase 2 Phonemes", "created": "2021-04-14T12:08:55.921", "updated": "2021-04-14T12:08:55.921", "file": "images/Phase_2_Phonemes.png"}}, {"model": "courses.image", "pk": 53, "fields": {"owner": 8, "title": "Phase 3: Words Mat", "created": "2021-04-14T12:23:56.409", "updated": "2021-04-14T12:23:56.409", "file": "images/Phase_3_Word_Mat.png"}}, {"model": "courses.image", "pk": 54, "fields": {"owner": 8, "title": "Activity Sheet: Word Search", "created": "2021-04-14T12:24:18.871", "updated": "2021-04-14T12:24:18.871", "file": "images/ACTIVITY_SHEET_-_Word_Search.png"}}, {"model": "courses.image", "pk": 55, "fields": {"owner": 8, "title": "Activity Sheet: Out of Hat", "created": "2021-04-14T12:24:38.315", "updated": "2021-04-14T12:24:38.315", "file": "images/ACTIVITY_SHEET_-_Out_of_Hat.png"}}, {"model": "courses.image", "pk": 56, "fields": {"owner": 8, "title": "Activity Sheet: Eye Spy with my Little Eye", "created": "2021-04-14T12:24:59.931", "updated": "2021-04-14T12:24:59.931", "file": "images/ACTIVITY_SHEET_-_Eye_Spy_with_My_Little_Eye.png"}}, {"model": "courses.image", "pk": 57, "fields": {"owner": 8, "title": "Phonics Phase 4: Activity Mat 1", "created": "2021-04-14T12:45:04.961", "updated": "2021-04-14T12:45:04.961", "file": "images/Phonics_Phase_4_-_Mat_1.png"}}, {"model": "courses.image", "pk": 58, "fields": {"owner": 8, "title": "Phonics Phase 4: Activity Mat 3", "created": "2021-04-14T12:45:47.400", "updated": "2021-04-14T12:45:47.400", "file": "images/Phonics_Phase_4_-__Mat_3.png"}}, {"model": "courses.image", "pk": 59, "fields": {"owner": 8, "title": "Phonics Phase 5: Sound Mat", "created": "2021-04-14T13:18:44.457", "updated": "2021-04-14T13:18:44.458", "file": "images/Phonics_Phase_5_Sound_Mat.png"}}, {"model": "courses.image", "pk": 60, "fields": {"owner": 8, "title": "Books to Read", "created": "2021-04-14T13:55:57.599", "updated": "2021-04-14T13:55:57.599", "file": "images/Reading_Posters.jpg"}}, {"model": "courses.file", "pk": 4, "fields": {"owner": 8, "title": "HAMMY THE HAMSTER", "created": "2021-01-31T16:44:26.051", "updated": "2021-04-16T14:55:03.911", "file": "files/HAMMY-THE-HAMSTER.pdf"}}, {"model": "courses.file", "pk": 5, "fields": {"owner": 8, "title": "HOMEWORK - YUCK!", "created": "2021-01-31T16:44:48.344", "updated": "2021-04-16T13:44:48.413", "file": "files/009-HOMEWORK-YUCK-Free-Childrens-Book-By-Monkey-Pen.pdf"}}, {"model": "courses.file", "pk": 6, "fields": {"owner": 8, "title": "GINGER THE GIRAFFE", "created": "2021-01-31T16:45:05.036", "updated": "2021-04-16T13:44:56.711", "file": "files/002-GINGER-THE-GIRAFFE-Free-Childrens-Book-By-Monkey-Pen.pdf"}}, {"model": "courses.file", "pk": 7, "fields": {"owner": 8, "title": "How to train you Dragon by Cressida Cowell", "created": "2021-02-04T19:04:21.067", "updated": "2021-04-16T13:46:40.943", "file": "files/1-How_to_train_your_dragon__PDFDrive__jLERRdH.pdf"}}, {"model": "courses.file", "pk": 8, "fields": {"owner": 8, "title": "James and the Giant Peach by Roald Dahl", "created": "2021-02-04T19:05:07.855", "updated": "2021-04-16T13:46:48.622", "file": "files/James_and_the_Giant_Peach__PDFDrive_.pdf"}}, {"model": "courses.file", "pk": 9, "fields": {"owner": 8, "title": "The Wind in the Willows by Kenneth Grahame", "created": "2021-02-04T19:05:29.309", "updated": "2021-04-16T13:46:56.092", "file": "files/The_Wind_in_the_Willows_by_Kenneth_Grahame__PDFDrive__BJv9upZ.pdf"}}, {"model": "courses.file", "pk": 10, "fields": {"owner": 8, "title": "Starfell: Willow Moss and the Lost Day, By Dominique Valente, Read by Tuppence Middleton", "created": "2021-02-04T19:19:22.682", "updated": "2021-04-16T13:46:10.091", "file": "files/182754-5.mp3"}}, {"model": "courses.file", "pk": 11, "fields": {"owner": 8, "title": "Bloom, By Nicola Skinner, Read by Lauren Chandler", "created": "2021-02-04T21:12:01.846", "updated": "2021-04-16T13:46:17.257", "file": "files/180192-7.mp3"}}, {"model": "courses.file", "pk": 12, "fields": {"owner": 8, "title": "How to Rob a Bank, By Tom Mitchell, Read by Chris Nelson", "created": "2021-02-04T21:12:28.976", "updated": "2021-04-16T13:46:25.052", "file": "files/173676-2.mp3"}}, {"model": "courses.file", "pk": 14, "fields": {"owner": 8, "title": "Charlotte's Web by EB White", "created": "2021-02-11T18:50:10.977", "updated": "2021-04-16T13:47:25.560", "file": "files/Charlottes_web__PDFDrive_.pdf"}}, {"model": "courses.file", "pk": 15, "fields": {"owner": 8, "title": "Danny the Champion of the World by Roald Dahl", "created": "2021-02-11T18:51:48.848", "updated": "2021-04-16T13:47:51.909", "file": "files/Danny_the_Champion_of_the_World__PDFDrive__ERqck8s.pdf"}}, {"model": "courses.file", "pk": 16, "fields": {"owner": 8, "title": "The Witches by Roald Dahl", "created": "2021-02-11T18:58:45.839", "updated": "2021-04-16T13:47:42.242", "file": "files/The_Witches__PDFDrive__A6UdRqE.pdf"}}, {"model": "courses.file", "pk": 20, "fields": {"owner": 8, "title": "A Boy called Hope by Laura Williamson", "created": "2021-02-11T23:12:56.361", "updated": "2021-04-16T13:48:51.651", "file": "files/A_Boy_Called_Hope__PDFDrive_.pdf"}}, {"model": "courses.file", "pk": 21, "fields": {"owner": 8, "title": "From Hereabout Hill by Michael Morpurgo", "created": "2021-02-11T23:13:52.199", "updated": "2021-04-16T13:48:58.993", "file": "files/From_Hereabout_Hill-_A_Collection_of_Short_Stories__PDFDrive__x83Wggm.pdf"}}, {"model": "courses.file", "pk": 22, "fields": {"owner": 8, "title": "The Railway Children by Jacquelline Wilson", "created": "2021-02-11T23:14:32.704", "updated": "2021-04-16T13:49:07.210", "file": "files/The_Railway_Children__PDFDrive__xB3FkgG.pdf"}}, {"model": "courses.file", "pk": 23, "fields": {"owner": 8, "title": "The Light Princess  by George MacDonald", "created": "2021-02-11T23:22:38.212", "updated": "2021-04-16T13:49:19.951", "file": "files/lightprincess.mp3"}}, {"model": "courses.file", "pk": 24, "fields": {"owner": 8, "title": "Little Louie \u2013 Enriched Experiences by: Pamela Bell Bagley", "created": "2021-02-11T23:23:10.434", "updated": "2021-04-16T13:49:26.077", "file": "files/LittleLouie.mp3"}}, {"model": "courses.file", "pk": 25, "fields": {"owner": 8, "title": "The Music Box by: Nadine D\u2019Souza", "created": "2021-02-11T23:23:47.996", "updated": "2021-04-16T13:49:34.810", "file": "files/TheMusicBox.mp3"}}, {"model": "courses.file", "pk": 26, "fields": {"owner": 8, "title": "The Velveteen Rabbit  by Margery Williams", "created": "2021-02-15T16:49:18.759", "updated": "2021-04-16T13:48:07.246", "file": "files/TheVelveteenRabbit.mp3"}}, {"model": "courses.file", "pk": 27, "fields": {"owner": 8, "title": "Jack & The Beanstalk : This version is from the Red Fairy Book, edited by Andrew Lang.", "created": "2021-02-15T16:49:38.774", "updated": "2021-04-16T13:48:13.923", "file": "files/JackAndTheBeanstalk.mp3"}}, {"model": "courses.file", "pk": 28, "fields": {"owner": 8, "title": "Cinderella (or The Little Glass Slipper) by Henry W. Hewet", "created": "2021-02-15T16:50:07.135", "updated": "2021-04-16T13:48:22.498", "file": "files/Cinderella.mp3"}}, {"model": "courses.file", "pk": 29, "fields": {"owner": 8, "title": "Phase 3: \"ai\" Worksheet", "created": "2021-04-14T12:25:36.027", "updated": "2021-04-14T12:25:36.028", "file": "files/Phase_3_ai__worksheet.docx"}}, {"model": "courses.file", "pk": 30, "fields": {"owner": 8, "title": "Phase 3: \"oa\" Worksheet", "created": "2021-04-14T12:25:49.378", "updated": "2021-04-14T12:26:17.701", "file": "files/Phase_3_oa_worksheet.docx"}}, {"model": "courses.file", "pk": 31, "fields": {"owner": 8, "title": "Phase 3: \"sh\" Worksheet", "created": "2021-04-14T12:27:03.735", "updated": "2021-04-14T12:27:03.735", "file": "files/Phase_3_sh_worksheet.docx"}}, {"model": "courses.file", "pk": 32, "fields": {"owner": 8, "title": "Activity Sheet: Missing Words Sentences", "created": "2021-04-14T12:46:41.299", "updated": "2021-04-14T12:46:41.299", "file": "files/missing_words_sentences_t6_w1.docx"}}, {"model": "courses.file", "pk": 33, "fields": {"owner": 8, "title": "Activity Sheet: Nonsense or Real", "created": "2021-04-14T12:47:10.962", "updated": "2021-04-14T12:47:10.962", "file": "files/phase_4_nonsense_or_real.docx"}}, {"model": "courses.file", "pk": 35, "fields": {"owner": 8, "title": "Phase 5 : Word Mats", "created": "2021-04-14T13:16:54.057", "updated": "2021-04-14T13:16:54.057", "file": "files/phase-5-word-cards.pdf"}}, {"model": "courses.file", "pk": 36, "fields": {"owner": 8, "title": "Activity Sheet: \"aw\" phonics", "created": "2021-04-14T13:17:28.840", "updated": "2021-04-14T13:17:28.840", "file": "files/AW_phonics.ppt"}}, {"model": "courses.file", "pk": 37, "fields": {"owner": 8, "title": "Activity Sheet: \"ou\" phonics", "created": "2021-04-14T13:17:42.732", "updated": "2021-04-14T13:17:42.732", "file": "files/OU_phonics.ppt"}}, {"model": "courses.file", "pk": 38, "fields": {"owner": 8, "title": "Activity Sheet: \"wh\" phonics", "created": "2021-04-14T13:18:04.659", "updated": "2021-04-14T13:18:04.659", "file": "files/WH_phonics.ppt"}}, {"model": "courses.file", "pk": 40, "fields": {"owner": 8, "title": "Phonics", "created": "2021-04-14T13:57:14.935", "updated": "2021-04-16T13:54:41.781", "file": "files/Oxford_Phonics_World_4_Student_Book__PDFDrive_.pdf"}}, {"model": "courses.file", "pk": 41, "fields": {"owner": 8, "title": "Horrid Henry", "created": "2021-04-14T14:00:58.869", "updated": "2021-04-16T13:54:48.435", "file": "files/Horrid_Henry__PDFDrive_.pdf"}}, {"model": "courses.file", "pk": 42, "fields": {"owner": 8, "title": "Diary of the Wimpy Kid: Rodrick Rules", "created": "2021-04-14T14:02:04.039", "updated": "2021-04-16T13:54:58.655", "file": "files/Diary_Of_A_Wimpy_Kid_-_Rodrick_Rules__PDFDrive_.pdf"}}, {"model": "courses.file", "pk": 43, "fields": {"owner": 8, "title": "The Very Hungry Caterpillar", "created": "2021-04-14T14:02:38.243", "updated": "2021-04-16T13:55:05.666", "file": "files/The_Very_Hungry_Caterpillar__PDFDrive__jyeYLff.pdf"}}, {"model": "courses.file", "pk": 44, "fields": {"owner": 8, "title": "Holes by Louis Sachar", "created": "2021-04-14T14:04:35.178", "updated": "2021-04-16T13:55:13.138", "file": "files/Holes_by_Louis_Sachar1_95WBgrZ.pdf"}}, {"model": "courses.file", "pk": 45, "fields": {"owner": 8, "title": "Mr. Popper's Penguins", "created": "2021-04-14T14:06:10.313", "updated": "2021-04-16T13:55:21.664", "file": "files/Mr._Poppers_Penguins__PDFDrive_.pdf"}}, {"model": "courses.file", "pk": 46, "fields": {"owner": 8, "title": "Matilda", "created": "2021-04-14T14:06:52.496", "updated": "2021-04-16T13:55:28.648", "file": "files/Matilda__PDFDrive_.pdf"}}, {"model": "courses.file", "pk": 47, "fields": {"owner": 8, "title": "The Detective Dog by Julia Donaldson.", "created": "2021-04-14T15:17:53.053", "updated": "2021-04-16T13:53:21.059", "file": "files/yt1s.com_-_The_Detective_Dog_by_Julia_Donaldson_Childrens_story_audiobook_kids_readaloud.mp4"}}, {"model": "courses.file", "pk": 48, "fields": {"owner": 8, "title": "The Enormous Crocodile by Roald Dahl", "created": "2021-04-14T15:21:15.326", "updated": "2021-04-16T13:53:28.233", "file": "files/The_Enormous_Crocodile_by_Roald_Dahl.mp4"}}, {"model": "courses.file", "pk": 50, "fields": {"owner": 8, "title": "The Gruffalo - Read by Alan Mandel", "created": "2021-04-14T15:25:17.654", "updated": "2021-04-16T13:53:50.106", "file": "files/yt1s.com_-_The_Gruffalo__Read_by_Alan_Mandel.mp4"}}, {"model": "courses.file", "pk": 51, "fields": {"owner": 8, "title": "The Snail and the Whale by Julia Donaldson", "created": "2021-04-14T15:25:45.641", "updated": "2021-04-16T13:53:57.030", "file": "files/The_Snail_and_the_Whale_by_Julia_Donaldson._Childrens_read-aloud_story_with_illustrations..mp4"}}, {"model": "courses.text", "pk": 6, "fields": {"owner": 8, "title": "Spelling and the development of communication skills", "created": "2021-04-03T12:56:36.516", "updated": "2021-04-03T12:58:02.929", "content": "Communication skills are essential for children to grow and interact successfully with the world. Communication usually begins with simple body language, gestures and vocalisations. As children progress to verbal communication, they naturally develop an early understanding of their native language.\r\n\r\nMaking the connection between verbal expression and written communication is much more complex, and requires a combination of observation and formal instruction. The foundational skills for successful written communication are learnt at this time, such as the ability to identify letters by sight, and build associations between written patterns and vocal expressions."}}, {"model": "courses.text", "pk": 7, "fields": {"owner": 8, "title": "Buried Treasure Games: https://www.phonicsplay.co.uk/resources/phase/2/buried-treasure", "created": "2021-04-14T12:06:49.196", "updated": "2021-04-14T12:10:23.656", "content": "https://www.phonicsplay.co.uk/resources/phase/2/buried-treasure"}}, {"model": "courses.course", "pk": 2, "fields": {"owner": 8, "subject": 4, "title": "Reading & Comprehension: Year 3", "slug": "reading", "overview": "In Year 3, the focus shifts from word-reading to comprehension and building the habits that make a confident and keen reader. Your child will learn to:\r\n\r\n- read a wide range of books and retell some stories orally\r\n- read aloud and perform poems and play scripts\r\n- talk about interesting words and phrases\r\n- read between the lines and use evidence from the text when giving their opinion\r\n- predict what might happen next\r\n- use dictionaries to check the meaning of words.", "created": "2021-01-30T21:17:19.396", "students": [9, 10]}}, {"model": "courses.course", "pk": 3, "fields": {"owner": 8, "subject": 4, "title": "Reading & Comprehension: Year 4", "slug": "reading-year-4", "overview": "In Year 4, you  should  be developing into an increasingly fluent reader. The focus will now be on building comprehension, but it is still important that you use phonics skills to tackle new words. \r\n\r\n- Read more common exception words (tricky words)\r\n- Read a wide range of books and retell stories orally\r\n- Perform poems and play scripts\r\n- Talk about interesting words and phrases\r\n- Check that the text makes sense to them\r\n- Read between the lines and justify thinking with evidence from the text\r\n- Predict what might happen next\r\n- Talk about books and poems\r\n- Use dictionaries to check the meaning of words\r\n- Common reading issues", "created": "2021-02-04T18:51:42.908", "students": [10]}}, {"model": "courses.course", "pk": 4, "fields": {"owner": 8, "subject": 4, "title": "Reading & Comprehension: Year 5", "slug": "reading-year-5", "overview": "The overarching aim for English in the national curriculum is to promote high standards of language and literacy by equipping pupils with a strong command of the spoken and written language, and to develop their love of literature through widespread reading for enjoyment. The national curriculum for English aims to ensure that all pupils:\r\n\r\n- read easily, fluently and with good understanding\r\n- develop the habit of reading widely and often, for both pleasure and information\r\n- acquire a wide vocabulary, an understanding of grammar and knowledge of linguistic conventions for reading, writing and spoken language\r\n- appreciate our rich and varied literary heritage\r\n- write clearly, accurately and coherently, adapting their language and style in and for a range of contexts, purposes and audiences\r\n- use discussion in order to learn; they should be able to elaborate and explain clearly their understanding and ideas\r\n- are competent in the arts of speaking and listening, making formal presentations, demonstrating to others and participating in debate", "created": "2021-02-11T16:43:57.499", "students": [10]}}, {"model": "courses.course", "pk": 5, "fields": {"owner": 8, "subject": 4, "title": "Reading & Comprehension: Year 6", "slug": "reading-year-6", "overview": "- understand what they read by:\r\n     - checking that the book makes sense to them, discussing their understanding and exploring the meaning of words in context\r\n     - asking questions to improve their understanding\r\n     - drawing inferences such as inferring characters\u2019 feelings, thoughts and motives from their actions, and justifying inferences with evidence\r\n     - predicting what might happen from details stated and implied\r\n     - summarising the main ideas drawn from more than 1 paragraph, identifying key details that support the main ideas\r\n     - identifying how language, structure and presentation contribute to meaning\r\n\r\n- discuss and evaluate how authors use language, including figurative language, considering the impact on the reader\r\n- distinguish between statements of fact and opinion\r\n- retrieve, record and present information from non-fiction\r\n- participate in discussions about books that are read to them and those they can read for themselves, building on their own and others\u2019 ideas and challenging views courteously\r\n- explain and discuss their understanding of what they have read, including through formal presentations and debates, maintaining a focus on the topic and using notes where necessary\r\n- provide reasoned justifications for their views", "created": "2021-02-11T22:22:00.492", "students": [10, 11]}}, {"model": "courses.course", "pk": 7, "fields": {"owner": 8, "subject": 4, "title": "Spelling: Year 3", "slug": "spelling-year-3", "overview": "You will continue to improve your spelling skills in Year 3. You'll write and read more, and you'll learn more complicated spellings along the way. You'll look up words in dictionaries if you're not sure what they mean.\r\n\r\n\r\n- Using more Prefixes and Suffixes \r\nSuffixes are morphemes (groups of letters that mean something on their own) that are added at the end of a root or root word to change the meaning. Prefixes are morphemes added at the front of a word. Over the course of Year 3, you  child will learn about lots of prefixes and suffixes to spell longer words and change the meaning of those words.\r\n\r\n\r\n- Spelling more Homophones \r\nHomophones are words that are spelled differently and have different meanings, but are pronounced in the same, or almost the same, way. They are often confused in your writing.\r\n\r\n\r\n- Spelling words that are often misspelt\r\nThe National Curriculum in England provides a word list for Year 3 and Year 4 children of words that are often misspelt. \r\n\r\n- Using the possessive apostrophe with regular and irregular plurals \r\nApostrophes are used to show possession (who or what something belongs to). These are different depending on whether there is one person or thing (singular) or more than one (plural).\r\n\r\nWhen showing singular possession, an apostrophe and an -s are often added (for example, \u2018Paul\u2019s bike\u2019 or \u2018the girl\u2019s voice\u2019). If an -s is already at the end of a word to show a plural, the apostrophe is added after the -s (for example, \u2018the girls\u2019 voices\u2019).\r\n\r\n\r\n- Checking spellings with a dictionary \r\nIn Year 3, you will learn to check the spelling of a word using an age-appropriate dictionary.", "created": "2021-04-01T17:52:36.588", "students": [10]}}, {"model": "courses.course", "pk": 8, "fields": {"owner": 8, "subject": 4, "title": "Spelling: Year 4", "slug": "spelling-year-4", "overview": "In Year 4, you will continue to develop your  spelling. You  will write and read more, learning more complex spellings as you  go. You  will use dictionaries to check words they are unsure of.\r\n\r\n\r\n- Using more prefixes and suffixes\r\nSuffixes are morphemes that are added at the end of a root or root word to change the meaning. Prefixes are morphemes added at the front of a word. Over the course of Year 4, you will learn about lots of prefixes and suffixes to spell longer words and change the meaning of those words.\r\n\r\n\r\n- Spelling more homophones\r\nHomophones are words that are spelled differently and have different meanings, but are pronounced in the same, or almost the same, way. \r\n\r\n\r\n- Using the possessive apostrophe with regular and irregular plurals\r\nApostrophes are used to show possession (who or what something belongs to). These are different depending on whether there is one person or thing (singular) or more than one (plural). When showing singular possession, an apostrophe and an -s are often added (for example, \u2018Paul\u2019s bike\u2019 or \u2018the girl\u2019s voice\u2019). If an -s is already at the end of a word to show a plural, the apostrophe is added after the -s (for example, \u2018the girls\u2019 voices\u2019).\r\n\r\n\r\n- Checking spellings in a dictionary\r\n\u200bIn Year 4, you will continue to check the spellings of their words using an age-appropriate dictionary.", "created": "2021-04-03T12:26:03.149", "students": [10]}}, {"model": "courses.course", "pk": 9, "fields": {"owner": 8, "subject": 4, "title": "Spelling: Year 5", "slug": "spelling-year-5", "overview": "In Year 5, you will be spelling more complicated words with increased accuracy. \r\n\r\n\r\n- Using more prefixes and suffixes\r\nSuffixes are morphemes (groups of letters that mean something on their own) that are added at the end of a root or root word to change the meaning. Prefixes are morphemes added at the front of a word.\r\n\r\n\r\n- Spelling some words with \u2018silent\u2019 letters\r\nSome words include letters that were sounded hundreds of years ago but aren\u2019t sounded in modern English. For example, in \u2018knight\u2019, there used to be a \u2018k\u2019 sound before the \u2018n\u2019. Now the pronunciation has changed, but the spelling hasn\u2019t, so the word includes a \u2018silent\u2019 letter that cannot be predicted from how the word sounds. Words like this can be very tricky to spell.\r\n\r\n\r\n- Knowing the difference between homophones and other confusing words\r\nHomophones are words that are spelled differently and have different meanings, but are pronounced in the same (or almost the same) way. \r\n\r\n\r\n- Using morphology and etymology in spelling\r\n\u200bMorphemes are the smallest units of meaning, the units of grammar and syntax. Every word in English is made up of one or more morphemes. Learning about these morphemes is called morphology. A morpheme can be an individual root word, such as \u2018cat\u2019 or \u2018happy\u2019. A morpheme might be a root \u2013 the basis of a word \u2013 or it might be a prefix or suffix that joins onto a root. Each morpheme has its own meaning, but it often joins together and works with other morphemes to make a word.\r\n\r\n\r\n- Using a thesaurus\r\n\u200bIn Year 5, you will start to use a thesaurus to explore word meanings and to find alternatives for different words.", "created": "2021-04-03T12:29:52.130", "students": [10]}}, {"model": "courses.course", "pk": 10, "fields": {"owner": 8, "subject": 4, "title": "Spelling: Year 6", "slug": "spelling-year-6", "overview": "In Year 6, you will be spelling more complicated words with increased accuracy.\r\n\r\n\r\n- Using more prefixes and suffixes\r\nSuffixes are morphemes (groups of letters that mean something on their own) that are added at the end of a root or root word to change the meaning. Prefixes are morphemes added at the front of a word.\r\n\r\n\r\n- Spelling some words with \u2018silent\u2019 letters\r\nSome words include letters that were sounded hundreds of years ago but aren\u2019t sounded in modern English. For example, in \u2018knight\u2019, there used to be a \u2018k\u2019 sound before the \u2018n\u2019. Now the pronunciation has changed, but the spelling hasn\u2019t, so the word includes a \u2018silent\u2019 letter that cannot be predicted from how the word sounds. Words like this can be very tricky to spell.\r\n\r\n\r\n- Knowing the difference between homophones and other confusing words\r\nHomophones are words that are spelled differently and have different meanings, but are pronounced in the same (or almost the same) way. \r\n\r\n\r\n- Using morphology and etymology in spelling\r\n\u200bMorphemes are the smallest units of meaning, the units of grammar and syntax. Every word in English is made up of one or more morphemes. Learning about these morphemes is called morphology. A morpheme can be an individual root word, such as \u2018cat\u2019 or \u2018happy\u2019. A morpheme might be a root \u2013 the basis of a word \u2013 or it might be a prefix or suffix that joins onto a root. Each morpheme has its own meaning, but it often joins together and works with other morphemes to make a word.\r\n\r\n\r\nKnowledge of roots words can also help when a word isn\u2019t spelled using the most obvious set of letters to represent the sounds. For example, knowing that that science, conscious, and conscience all share the same Latin root can help us to remember how tricky \u2018sci\u2019 spelling.\r\nEtymology is the study of the origins of words. This includes their history, and how their form and meaning has changed over time. This is useful for spelling words originally from other languages and words that use groups of letters that aren\u2019t the ones we\u2019re expecting.", "created": "2021-04-03T12:32:13.815", "students": [10]}}, {"model": "courses.course", "pk": 11, "fields": {"owner": 8, "subject": 4, "title": "Phonics", "slug": "phonics", "overview": "Phonics is the study of sounds. You will be taught phonics here  which will  help you learn to read and write.\r\n\r\n\r\n\r\n\r\nWhat are Phonemes?\r\nA phoneme is the smallest unit of sound. They differentiate words from each other.\r\n\r\n\r\n\r\n\r\nPhonics Phases\r\nThe UK phonics curriculum, 'Letters and Sounds', breaks the teaching of reading and writing skills into six phonic phases which are detailed in our order of phonics teaching - these are:\r\nPhase 1 - Teaches children to listen to and make basic sounds.\r\nPhase 2 - Teaches children most of the letters of the alphabet and how to use these to read and spellCVC words.\r\nPhase 3 - Teaches children the remaining letters of the alphabet and how to use these to read and spell CVC words using given digraphs and trigraphs.\r\nPhase 4 - Teaches children how to use the digraphs and trigraphs they already know to read and spell longer words including CCVC and CVCC words and words with 2 syllables.\r\nPhase 5 - Teaches children new ways to spell thephonemes and alternative pronunciations of graphemes they already know.\r\nPhase 6 - Teaches children more complex spelling rules, including the use of prefixes and suffixes.", "created": "2021-04-13T18:58:35.429", "students": [10]}}, {"model": "courses.course", "pk": 12, "fields": {"owner": 8, "subject": 4, "title": "Reading Books", "slug": "reading-2", "overview": "With a large and growing collection of eBooks for kids 1 to 13 years old, your children get to enjoy new books all the time from award winning authors and publishers from around the world.  In addition to titles you are familiar with from traditional publishers, they also have the opportunity to discover new stories from authors they've never heard of, or try out new languages they've never seen.\u2019", "created": "2021-04-14T13:33:01.952", "students": [10, 11]}}]